-- MySQL dump 10.13  Distrib 5.7.12, for Win64 (x86_64)
--
-- Host: 127.0.0.1    Database: pma
-- ------------------------------------------------------
-- Server version	5.7.16-log

/*!40101 SET @OLD_CHARACTER_SET_CLIENT=@@CHARACTER_SET_CLIENT */;
/*!40101 SET @OLD_CHARACTER_SET_RESULTS=@@CHARACTER_SET_RESULTS */;
/*!40101 SET @OLD_COLLATION_CONNECTION=@@COLLATION_CONNECTION */;
/*!40101 SET NAMES utf8 */;
/*!40103 SET @OLD_TIME_ZONE=@@TIME_ZONE */;
/*!40103 SET TIME_ZONE='+00:00' */;
/*!40014 SET @OLD_UNIQUE_CHECKS=@@UNIQUE_CHECKS, UNIQUE_CHECKS=0 */;
/*!40014 SET @OLD_FOREIGN_KEY_CHECKS=@@FOREIGN_KEY_CHECKS, FOREIGN_KEY_CHECKS=0 */;
/*!40101 SET @OLD_SQL_MODE=@@SQL_MODE, SQL_MODE='NO_AUTO_VALUE_ON_ZERO' */;
/*!40111 SET @OLD_SQL_NOTES=@@SQL_NOTES, SQL_NOTES=0 */;

--
-- Table structure for table `pma_activity_beneficiares`
--

DROP TABLE IF EXISTS `pma_activity_beneficiares`;
/*!40101 SET @saved_cs_client     = @@character_set_client */;
/*!40101 SET character_set_client = utf8 */;
CREATE TABLE `pma_activity_beneficiares` (
  `bene_count` varchar(30) DEFAULT NULL,
  `actv_no` varchar(15) NOT NULL,
  `intr_no` varchar(30) NOT NULL,
  `btp_id` varchar(15) NOT NULL,
  `username` varchar(15) DEFAULT NULL,
  `time_stamp` datetime DEFAULT CURRENT_TIMESTAMP,
  PRIMARY KEY (`actv_no`,`intr_no`,`btp_id`),
  KEY `fk_pma_activity_beneficiares_pma_activity_info1_idx` (`actv_no`,`intr_no`),
  KEY `fk_pma_activity_beneficiares_pms_benificiary_types1_idx` (`btp_id`),
  CONSTRAINT `fk_pma_activity_beneficiares_pma_activity_info1` FOREIGN KEY (`actv_no`, `intr_no`) REFERENCES `pma_activity_info` (`actv_no`, `intr_no`) ON DELETE NO ACTION ON UPDATE NO ACTION,
  CONSTRAINT `fk_pma_activity_beneficiares_pms_benificiary_types1` FOREIGN KEY (`btp_id`) REFERENCES `pms_benificiary_types` (`btp_id`) ON DELETE NO ACTION ON UPDATE NO ACTION
) ENGINE=InnoDB DEFAULT CHARSET=utf8;
/*!40101 SET character_set_client = @saved_cs_client */;

--
-- Dumping data for table `pma_activity_beneficiares`
--

LOCK TABLES `pma_activity_beneficiares` WRITE;
/*!40000 ALTER TABLE `pma_activity_beneficiares` DISABLE KEYS */;
/*!40000 ALTER TABLE `pma_activity_beneficiares` ENABLE KEYS */;
UNLOCK TABLES;

--
-- Table structure for table `pma_activity_clasification`
--

DROP TABLE IF EXISTS `pma_activity_clasification`;
/*!40101 SET @saved_cs_client     = @@character_set_client */;
/*!40101 SET character_set_client = utf8 */;
CREATE TABLE `pma_activity_clasification` (
  `clas_code` varchar(15) NOT NULL,
  `clas_description` varchar(100) DEFAULT NULL,
  `clas_type` varchar(45) DEFAULT NULL,
  `username` varchar(15) DEFAULT NULL,
  `time_stamp` datetime DEFAULT CURRENT_TIMESTAMP,
  PRIMARY KEY (`clas_code`)
) ENGINE=InnoDB DEFAULT CHARSET=utf8;
/*!40101 SET character_set_client = @saved_cs_client */;

--
-- Dumping data for table `pma_activity_clasification`
--

LOCK TABLES `pma_activity_clasification` WRITE;
/*!40000 ALTER TABLE `pma_activity_clasification` DISABLE KEYS */;
/*!40000 ALTER TABLE `pma_activity_clasification` ENABLE KEYS */;
UNLOCK TABLES;

--
-- Table structure for table `pma_activity_implementers`
--

DROP TABLE IF EXISTS `pma_activity_implementers`;
/*!40101 SET @saved_cs_client     = @@character_set_client */;
/*!40101 SET character_set_client = utf8 */;
CREATE TABLE `pma_activity_implementers` (
  `actv_no` varchar(15) NOT NULL,
  `intr_no` varchar(30) NOT NULL,
  `imp_id` varchar(15) NOT NULL,
  `impl_cost` decimal(15,0) NOT NULL,
  `com_id` varchar(15) NOT NULL,
  `username` varchar(15) DEFAULT NULL,
  `time_stamp` datetime DEFAULT CURRENT_TIMESTAMP,
  PRIMARY KEY (`actv_no`,`intr_no`,`imp_id`),
  KEY `fk_pma_activity_implementers_pma_activity_info1_idx` (`actv_no`,`intr_no`),
  KEY `fk_pma_activity_implementers_pms_implementers1_idx` (`imp_id`),
  KEY `fk_pma_activity_implementers_pms_communities1_idx` (`com_id`),
  CONSTRAINT `fk_pma_activity_implementers_pma_activity_info1` FOREIGN KEY (`actv_no`, `intr_no`) REFERENCES `pma_activity_info` (`actv_no`, `intr_no`) ON DELETE NO ACTION ON UPDATE NO ACTION,
  CONSTRAINT `fk_pma_activity_implementers_pms_communities1` FOREIGN KEY (`com_id`) REFERENCES `pms_communities` (`com_id`) ON DELETE NO ACTION ON UPDATE NO ACTION,
  CONSTRAINT `fk_pma_activity_implementers_pms_implementers1` FOREIGN KEY (`imp_id`) REFERENCES `pms_implementers` (`imp_id`) ON DELETE NO ACTION ON UPDATE NO ACTION
) ENGINE=InnoDB DEFAULT CHARSET=utf8;
/*!40101 SET character_set_client = @saved_cs_client */;

--
-- Dumping data for table `pma_activity_implementers`
--

LOCK TABLES `pma_activity_implementers` WRITE;
/*!40000 ALTER TABLE `pma_activity_implementers` DISABLE KEYS */;
/*!40000 ALTER TABLE `pma_activity_implementers` ENABLE KEYS */;
UNLOCK TABLES;

--
-- Table structure for table `pma_activity_info`
--

DROP TABLE IF EXISTS `pma_activity_info`;
/*!40101 SET @saved_cs_client     = @@character_set_client */;
/*!40101 SET character_set_client = utf8 */;
CREATE TABLE `pma_activity_info` (
  `actv_no` varchar(15) NOT NULL,
  `actv_level` varchar(150) DEFAULT NULL,
  `actv_implementing_partner` varchar(150) DEFAULT NULL,
  `actv_title` varchar(200) DEFAULT NULL,
  `actv_summary_description` varchar(400) DEFAULT NULL,
  `actv_status` varchar(1) DEFAULT NULL,
  `actv_proposed_start_date` datetime DEFAULT NULL,
  `actv_proposed_end_date` datetime DEFAULT NULL,
  `actv_budget` decimal(15,0) DEFAULT NULL,
  `actv_actual_start_date` datetime DEFAULT NULL,
  `actv_actual_end_date` datetime DEFAULT NULL,
  `actv_total_cost` decimal(15,0) DEFAULT NULL,
  `actv_responsibility` varchar(100) DEFAULT NULL,
  `actv_lessons_learned` varchar(1000) DEFAULT NULL,
  `act_challenges` varchar(1000) DEFAULT NULL,
  `intr_no` varchar(30) NOT NULL,
  `indr_no` varchar(15) NOT NULL,
  `rslt_no` varchar(15) NOT NULL,
  `clas_code` varchar(15) NOT NULL,
  `username` varchar(15) DEFAULT NULL,
  `time_stamp` datetime DEFAULT CURRENT_TIMESTAMP,
  PRIMARY KEY (`actv_no`,`intr_no`),
  KEY `fk_pma_activity_info_pma_programme_info1_idx` (`intr_no`),
  KEY `fk_pma_activity_info_pma_indicators1_idx` (`indr_no`),
  KEY `fk_pma_activity_info_pma_results1_idx` (`rslt_no`),
  KEY `fk_pma_activity_info_pma_activity_clasification1_idx` (`clas_code`),
  CONSTRAINT `fk_pma_activity_info_pma_activity_clasification1` FOREIGN KEY (`clas_code`) REFERENCES `pma_activity_clasification` (`clas_code`) ON DELETE NO ACTION ON UPDATE NO ACTION,
  CONSTRAINT `fk_pma_activity_info_pma_indicators1` FOREIGN KEY (`indr_no`) REFERENCES `pma_indicators` (`indr_no`) ON DELETE NO ACTION ON UPDATE NO ACTION,
  CONSTRAINT `fk_pma_activity_info_pma_programme_info1` FOREIGN KEY (`intr_no`) REFERENCES `pma_programme_info` (`intr_no`) ON DELETE NO ACTION ON UPDATE NO ACTION,
  CONSTRAINT `fk_pma_activity_info_pma_results1` FOREIGN KEY (`rslt_no`) REFERENCES `pma_results` (`rslt_no`) ON DELETE NO ACTION ON UPDATE NO ACTION
) ENGINE=InnoDB DEFAULT CHARSET=utf8;
/*!40101 SET character_set_client = @saved_cs_client */;

--
-- Dumping data for table `pma_activity_info`
--

LOCK TABLES `pma_activity_info` WRITE;
/*!40000 ALTER TABLE `pma_activity_info` DISABLE KEYS */;
/*!40000 ALTER TABLE `pma_activity_info` ENABLE KEYS */;
UNLOCK TABLES;

--
-- Table structure for table `pma_indicator_detail`
--

DROP TABLE IF EXISTS `pma_indicator_detail`;
/*!40101 SET @saved_cs_client     = @@character_set_client */;
/*!40101 SET character_set_client = utf8 */;
CREATE TABLE `pma_indicator_detail` (
  `indr_no` varchar(15) NOT NULL,
  `idtl_measure_date` datetime NOT NULL,
  `idtl_value` varchar(150) DEFAULT NULL,
  `username` varchar(15) DEFAULT NULL,
  `time_stamp` datetime DEFAULT CURRENT_TIMESTAMP,
  PRIMARY KEY (`indr_no`,`idtl_measure_date`),
  KEY `fk_pma_indicators_detail_pma_indicators1_idx` (`indr_no`),
  CONSTRAINT `fk_pma_indicators_detail_pma_indicators1` FOREIGN KEY (`indr_no`) REFERENCES `pma_indicators` (`indr_no`) ON DELETE NO ACTION ON UPDATE NO ACTION
) ENGINE=InnoDB DEFAULT CHARSET=utf8;
/*!40101 SET character_set_client = @saved_cs_client */;

--
-- Dumping data for table `pma_indicator_detail`
--

LOCK TABLES `pma_indicator_detail` WRITE;
/*!40000 ALTER TABLE `pma_indicator_detail` DISABLE KEYS */;
/*!40000 ALTER TABLE `pma_indicator_detail` ENABLE KEYS */;
UNLOCK TABLES;

--
-- Table structure for table `pma_indicators`
--

DROP TABLE IF EXISTS `pma_indicators`;
/*!40101 SET @saved_cs_client     = @@character_set_client */;
/*!40101 SET character_set_client = utf8 */;
CREATE TABLE `pma_indicators` (
  `indr_no` varchar(15) NOT NULL,
  `indr_definition` varchar(250) DEFAULT NULL,
  `indr_baseline` varchar(50) DEFAULT NULL,
  `indr_define_date` datetime DEFAULT NULL,
  `indr_closed_date` datetime DEFAULT NULL,
  `indr_status` varchar(1) DEFAULT NULL,
  `indr_target_planed` varchar(50) DEFAULT NULL,
  `indr_data_coll_method` varchar(150) DEFAULT NULL,
  `indr_tool` varchar(100) DEFAULT NULL,
  `indr_frequency` varchar(100) DEFAULT NULL,
  `indr_responsibilities` varchar(100) DEFAULT NULL,
  `indr_target_acheived` varchar(50) DEFAULT NULL,
  `intr_no` varchar(30) NOT NULL,
  `rslt_no` varchar(15) NOT NULL,
  `username` varchar(15) DEFAULT NULL,
  `time_stamp` datetime DEFAULT CURRENT_TIMESTAMP,
  PRIMARY KEY (`indr_no`),
  KEY `fk_pma_indicators_pma_programme_info1_idx` (`intr_no`),
  KEY `fk_pma_indicators_pma_results1_idx` (`rslt_no`),
  CONSTRAINT `fk_pma_indicators_pma_programme_info1` FOREIGN KEY (`intr_no`) REFERENCES `pma_programme_info` (`intr_no`) ON DELETE NO ACTION ON UPDATE NO ACTION,
  CONSTRAINT `fk_pma_indicators_pma_results1` FOREIGN KEY (`rslt_no`) REFERENCES `pma_results` (`rslt_no`) ON DELETE NO ACTION ON UPDATE NO ACTION
) ENGINE=InnoDB DEFAULT CHARSET=utf8;
/*!40101 SET character_set_client = @saved_cs_client */;

--
-- Dumping data for table `pma_indicators`
--

LOCK TABLES `pma_indicators` WRITE;
/*!40000 ALTER TABLE `pma_indicators` DISABLE KEYS */;
/*!40000 ALTER TABLE `pma_indicators` ENABLE KEYS */;
UNLOCK TABLES;

--
-- Table structure for table `pma_programme_info`
--

DROP TABLE IF EXISTS `pma_programme_info`;
/*!40101 SET @saved_cs_client     = @@character_set_client */;
/*!40101 SET character_set_client = utf8 */;
CREATE TABLE `pma_programme_info` (
  `intr_no` varchar(30) NOT NULL,
  `intr_title` varchar(150) DEFAULT NULL,
  `intr_duration` int(11) DEFAULT NULL,
  `intr_description` varchar(500) DEFAULT NULL,
  `btc_navision_code` varchar(30) DEFAULT NULL,
  `part_institution` varchar(200) DEFAULT NULL,
  `agrm_duration` int(11) DEFAULT NULL,
  `estm_start_date` datetime DEFAULT NULL,
  `cont_partner_country` int(11) DEFAULT NULL,
  `belg_contribution` int(11) DEFAULT NULL,
  `sec_code` varchar(100) DEFAULT NULL,
  `oall_objective` varchar(300) DEFAULT NULL,
  `agrm_sign_date` datetime DEFAULT NULL,
  `username` varchar(15) DEFAULT NULL,
  `time_stamp` datetime DEFAULT CURRENT_TIMESTAMP,
  PRIMARY KEY (`intr_no`),
  KEY `fk_pma_programme_info_pms_sectors1_idx` (`sec_code`),
  CONSTRAINT `fk_pma_programme_info_pms_sectors1` FOREIGN KEY (`sec_code`) REFERENCES `pms_sectors` (`sec_id`) ON DELETE NO ACTION ON UPDATE NO ACTION
) ENGINE=InnoDB DEFAULT CHARSET=utf8;
/*!40101 SET character_set_client = @saved_cs_client */;

--
-- Dumping data for table `pma_programme_info`
--

LOCK TABLES `pma_programme_info` WRITE;
/*!40000 ALTER TABLE `pma_programme_info` DISABLE KEYS */;
INSERT INTO `pma_programme_info` VALUES ('001','Software',0,'no desc','A001','QOU',0,'2017-08-29 00:00:00',0,0,'000','ee','2017-08-29 00:00:00','pma','2017-08-29 12:10:52'),('002','Software',0,'no desc','A001','QOU',0,'2017-08-29 00:00:00',0,0,'600','ee','2017-08-28 00:00:00','pma','2017-08-29 12:11:24');
/*!40000 ALTER TABLE `pma_programme_info` ENABLE KEYS */;
UNLOCK TABLES;

--
-- Table structure for table `pma_results`
--

DROP TABLE IF EXISTS `pma_results`;
/*!40101 SET @saved_cs_client     = @@character_set_client */;
/*!40101 SET character_set_client = utf8 */;
CREATE TABLE `pma_results` (
  `rslt_no` varchar(15) NOT NULL,
  `rslt_title` varchar(150) DEFAULT NULL,
  `rslt_define_date` datetime DEFAULT NULL,
  `rslt_close_date` datetime DEFAULT NULL,
  `rslt_status` varchar(1) DEFAULT NULL,
  `rslt_long_description` varchar(500) DEFAULT NULL,
  `sobj_no` varchar(15) NOT NULL,
  `username` varchar(15) DEFAULT NULL,
  `time_stamp` datetime DEFAULT CURRENT_TIMESTAMP,
  PRIMARY KEY (`rslt_no`),
  KEY `fk_pma_results_pma_specific_objective1_idx` (`sobj_no`),
  CONSTRAINT `fk_pma_results_pma_specific_objective1` FOREIGN KEY (`sobj_no`) REFERENCES `pma_specific_objective` (`sobj_no`) ON DELETE NO ACTION ON UPDATE NO ACTION
) ENGINE=InnoDB DEFAULT CHARSET=utf8;
/*!40101 SET character_set_client = @saved_cs_client */;

--
-- Dumping data for table `pma_results`
--

LOCK TABLES `pma_results` WRITE;
/*!40000 ALTER TABLE `pma_results` DISABLE KEYS */;
/*!40000 ALTER TABLE `pma_results` ENABLE KEYS */;
UNLOCK TABLES;

--
-- Table structure for table `pma_specific_objective`
--

DROP TABLE IF EXISTS `pma_specific_objective`;
/*!40101 SET @saved_cs_client     = @@character_set_client */;
/*!40101 SET character_set_client = utf8 */;
CREATE TABLE `pma_specific_objective` (
  `sobj_no` varchar(15) NOT NULL,
  `sobj_description` varchar(300) DEFAULT NULL,
  `sobj_define_date` datetime DEFAULT NULL,
  `sobj_adaptation_date` datetime DEFAULT NULL,
  `sobj_related_documents` varchar(300) DEFAULT NULL,
  `intr_no` varchar(30) NOT NULL,
  `username` varchar(15) DEFAULT NULL,
  `time_stamp` datetime DEFAULT CURRENT_TIMESTAMP,
  PRIMARY KEY (`sobj_no`),
  KEY `fk_pma_specific_objective_pma_programme_info_idx` (`intr_no`),
  CONSTRAINT `fk_pma_specific_objective_pma_programme_info` FOREIGN KEY (`intr_no`) REFERENCES `pma_programme_info` (`intr_no`) ON DELETE NO ACTION ON UPDATE NO ACTION
) ENGINE=InnoDB DEFAULT CHARSET=utf8;
/*!40101 SET character_set_client = @saved_cs_client */;

--
-- Dumping data for table `pma_specific_objective`
--

LOCK TABLES `pma_specific_objective` WRITE;
/*!40000 ALTER TABLE `pma_specific_objective` DISABLE KEYS */;
/*!40000 ALTER TABLE `pma_specific_objective` ENABLE KEYS */;
UNLOCK TABLES;

--
-- Table structure for table `pms_benificiary_types`
--

DROP TABLE IF EXISTS `pms_benificiary_types`;
/*!40101 SET @saved_cs_client     = @@character_set_client */;
/*!40101 SET character_set_client = utf8 */;
CREATE TABLE `pms_benificiary_types` (
  `btp_id` varchar(15) NOT NULL,
  `btp_desc` varchar(100) NOT NULL,
  `username` varchar(15) NOT NULL,
  `time_stamp` datetime NOT NULL DEFAULT CURRENT_TIMESTAMP,
  PRIMARY KEY (`btp_id`)
) ENGINE=InnoDB DEFAULT CHARSET=utf8;
/*!40101 SET character_set_client = @saved_cs_client */;

--
-- Dumping data for table `pms_benificiary_types`
--

LOCK TABLES `pms_benificiary_types` WRITE;
/*!40000 ALTER TABLE `pms_benificiary_types` DISABLE KEYS */;
INSERT INTO `pms_benificiary_types` VALUES ('10','Whole community','Admin\r','2016-12-27 12:05:30'),('110','Bedouins','pms','2017-02-15 14:25:24'),('20','Whole cluster','Admin\r','2016-12-27 12:05:30'),('30','Children','Admin\r','2016-12-27 12:05:30'),('40','Women','Admin\r','2016-12-27 12:05:30'),('50','Youth','Admin\r','2016-12-27 12:05:30'),('60','Men','Admin\r','2016-12-27 12:05:30'),('70','Elderly','Admin\r','2016-12-27 12:05:30'),('80','With disabilities','pms','2017-02-16 10:35:40');
/*!40000 ALTER TABLE `pms_benificiary_types` ENABLE KEYS */;
UNLOCK TABLES;

--
-- Table structure for table `pms_communities`
--

DROP TABLE IF EXISTS `pms_communities`;
/*!40101 SET @saved_cs_client     = @@character_set_client */;
/*!40101 SET character_set_client = utf8 */;
CREATE TABLE `pms_communities` (
  `com_id` varchar(15) NOT NULL,
  `gov_id` varchar(15) DEFAULT NULL,
  `com_pcbs_code` varchar(15) NOT NULL,
  `com_ocha_code` varchar(15) NOT NULL,
  `com_name` varchar(100) DEFAULT NULL,
  `typ_id` varchar(15) NOT NULL,
  `com_total_area_land` int(11) NOT NULL,
  `com_location_short_description` varchar(100) NOT NULL,
  `com_residents_total` int(11) NOT NULL,
  `com_male_total` int(11) NOT NULL DEFAULT '0',
  `com_female_total` int(11) DEFAULT '0',
  `com_kids_total` int(11) DEFAULT '0',
  `com_schools_info` varchar(100) DEFAULT NULL,
  `com_health_schools_info` varchar(100) DEFAULT NULL,
  `com_religion_centers` varchar(100) DEFAULT NULL,
  `com_topology` varchar(100) DEFAULT NULL,
  `com_cemetery` varchar(100) DEFAULT NULL,
  `com_water_network_info` varchar(100) DEFAULT NULL,
  `com_sewerage_network_info` varchar(100) DEFAULT NULL,
  `com_electrical_network_info` varchar(100) DEFAULT NULL,
  `com_solid_waste_service_info` varchar(100) DEFAULT NULL,
  `com_road_network_info` varchar(100) DEFAULT NULL,
  `com_transport_network_info` varchar(100) DEFAULT NULL,
  `com_ecnonomic_activities_info` varchar(100) DEFAULT NULL,
  `com_latitude` decimal(18,14) DEFAULT NULL,
  `com_longitude` decimal(18,14) DEFAULT NULL,
  `com_percent_area_c` varchar(2) DEFAULT NULL,
  `com_touching_border` varchar(2) DEFAULT NULL,
  `username` varchar(15) NOT NULL,
  `time_stamp` datetime NOT NULL DEFAULT CURRENT_TIMESTAMP,
  PRIMARY KEY (`com_id`),
  KEY `fk_pms_Communities_pms_community_types1_idx` (`typ_id`),
  KEY `fk_pms_Communities_pms_governates1_idx` (`gov_id`),
  CONSTRAINT `fk_pms_Communities_pms_community_types1` FOREIGN KEY (`typ_id`) REFERENCES `pms_community_types` (`typ_id`) ON DELETE NO ACTION ON UPDATE NO ACTION,
  CONSTRAINT `fk_pms_Communities_pms_governates1` FOREIGN KEY (`gov_id`) REFERENCES `pms_governates` (`gov_id`) ON DELETE NO ACTION ON UPDATE NO ACTION
) ENGINE=InnoDB DEFAULT CHARSET=utf8;
/*!40101 SET character_set_client = @saved_cs_client */;

--
-- Dumping data for table `pms_communities`
--

LOCK TABLES `pms_communities` WRITE;
/*!40000 ALTER TABLE `pms_communities` DISABLE KEYS */;
INSERT INTO `pms_communities` VALUES ('1','70','999797','','Abu Sultan','100',3,'',17,0,0,0,NULL,NULL,NULL,NULL,NULL,NULL,NULL,NULL,NULL,NULL,NULL,NULL,32.13217830000000,35.06124555000000,'Ad',NULL,'','2017-01-02 14:46:30'),('10','50','999828','','Az Za\'ayyem Za\'atreh Herders','100',3,'',126,0,0,0,NULL,NULL,NULL,NULL,NULL,NULL,NULL,NULL,NULL,NULL,NULL,NULL,31.79585468000000,35.27795286000000,'Ad',NULL,'','2017-01-02 14:46:30'),('100','20','503020','','AD Duweir','200',1,'',280,0,0,0,NULL,NULL,NULL,NULL,NULL,NULL,NULL,NULL,NULL,NULL,NULL,NULL,31.46276519000000,35.13090854000000,'Ad',NULL,'','2017-01-02 14:46:30'),('101','20','502690','','Ad Duwwara','300',2,'',1449,0,0,0,NULL,NULL,NULL,NULL,NULL,NULL,NULL,NULL,NULL,NULL,NULL,NULL,31.55802459000000,35.14214183000000,'Ad',NULL,'','2017-01-02 14:46:30'),('102','20','503245','','Adh Dhahiriya','300',1,'',175,0,0,0,NULL,NULL,NULL,NULL,NULL,NULL,NULL,NULL,NULL,NULL,NULL,NULL,31.41511110000000,34.97527686000000,'Ad',NULL,'','2017-01-02 14:46:30'),('103','20','502530','','Al \'Arrub Camp','500',1,'',1500,0,0,0,NULL,NULL,NULL,NULL,NULL,NULL,NULL,NULL,NULL,NULL,NULL,NULL,31.62290329000000,35.13637770000000,'Ad',NULL,'','2017-01-02 14:46:30'),('104','20','502778','','Al Baqa\'a','200',3,'',900,0,0,0,NULL,NULL,NULL,NULL,NULL,NULL,NULL,NULL,NULL,NULL,NULL,NULL,31.54312319000000,35.12816362000000,'Ad',NULL,'','2017-01-02 14:46:30'),('105','20','503165','','Al Bira','200',2,'',200,0,0,0,NULL,NULL,NULL,NULL,NULL,NULL,NULL,NULL,NULL,NULL,NULL,NULL,31.43753123000000,34.92562547000000,'Ad',NULL,'','2017-01-02 14:46:30'),('106','20','502781','','Al Bowereh (Aqabat Injeleh)','200',1,'',450,0,0,0,NULL,NULL,NULL,NULL,NULL,NULL,NULL,NULL,NULL,NULL,NULL,NULL,31.48137327000000,35.12359634000000,'Ad',NULL,'','2017-01-02 14:46:30'),('107','20','503170','','Al Burj','200',1,'',882,0,0,0,NULL,NULL,NULL,NULL,NULL,NULL,NULL,NULL,NULL,NULL,NULL,NULL,31.43524379000000,34.91699434000000,'Ad',NULL,'','2017-01-02 14:46:30'),('108','20','503005','','Al Buweib','600',3,'',600,0,0,0,NULL,NULL,NULL,NULL,NULL,NULL,NULL,NULL,NULL,NULL,NULL,NULL,31.46460279000000,35.15654375000000,'Ad',NULL,'','2017-01-02 14:46:30'),('109','20','999955','','Al Ganoub','100',3,'',100,0,0,0,NULL,NULL,NULL,NULL,NULL,NULL,NULL,NULL,NULL,NULL,NULL,NULL,31.59568504000000,35.20166452000000,'Ad',NULL,'','2017-01-02 14:46:30'),('11','50','999773','','Beit Hanina - Dahiyat Al Bareed','300',2,'',1655,0,0,0,NULL,NULL,NULL,NULL,NULL,NULL,NULL,NULL,NULL,NULL,NULL,NULL,31.84348164000000,35.23282379000000,'Ad',NULL,'','2017-01-02 14:46:30'),('110','20','502885','','Al Hijra','200',2,'',500,0,0,0,NULL,NULL,NULL,NULL,NULL,NULL,NULL,NULL,NULL,NULL,NULL,NULL,31.48902478000000,35.05716285000000,'Ad',NULL,'','2017-01-02 14:46:30'),('111','20','999938','','Al Jwaya','100',3,'',300,0,0,0,NULL,NULL,NULL,NULL,NULL,NULL,NULL,NULL,NULL,NULL,NULL,NULL,31.42401446000000,35.15183329000000,'Ad',NULL,'','2017-01-02 14:46:30'),('112','20','502720','','Al \'Uddeisa','300',2,'',1449,0,0,0,NULL,NULL,NULL,NULL,NULL,NULL,NULL,NULL,NULL,NULL,NULL,NULL,31.54562548000000,35.14245102000000,'Ad',NULL,'','2017-01-02 14:46:30'),('113','20','503280','','Ar Rakeez','200',3,'',36,0,0,0,NULL,NULL,NULL,NULL,NULL,NULL,NULL,NULL,NULL,NULL,NULL,NULL,31.40622013000000,35.14912304000000,'Ad',NULL,'','2017-01-02 14:46:30'),('114','20','503335','','Ar Ramadin','600',1,'',800,0,0,0,NULL,NULL,NULL,NULL,NULL,NULL,NULL,NULL,NULL,NULL,NULL,NULL,31.37851434000000,34.91439641000000,'Ad',NULL,'','2017-01-02 14:46:30'),('115','20','503080','','Ar Rifa\'iyya','200',3,'',500,0,0,0,NULL,NULL,NULL,NULL,NULL,NULL,NULL,NULL,NULL,NULL,NULL,NULL,31.44893115000000,35.15153171000000,'Ad',NULL,'','2017-01-02 14:46:30'),('116','20','503405','','Arab al Fureijat','600',3,'',350,0,0,0,NULL,NULL,NULL,NULL,NULL,NULL,NULL,NULL,NULL,NULL,NULL,NULL,31.35619976000000,34.91994971000000,'Ad',NULL,'','2017-01-02 14:46:30'),('117','20','503230','','As Simiya','200',1,'',150,0,0,0,NULL,NULL,NULL,NULL,NULL,NULL,NULL,NULL,NULL,NULL,NULL,NULL,31.41084278000000,35.04767894000000,'Ad',NULL,'','2017-01-02 14:46:30'),('118','20','502635','','Ash Shuyukh','300',1,'',1500,0,0,0,NULL,NULL,NULL,NULL,NULL,NULL,NULL,NULL,NULL,NULL,NULL,NULL,31.56581916000000,35.16530536000000,'Ad',NULL,'','2017-01-02 14:46:30'),('119','20','503255','','At Tuwani','200',3,'',480,0,0,0,NULL,NULL,NULL,NULL,NULL,NULL,NULL,NULL,NULL,NULL,NULL,NULL,31.41284490000000,35.15333467000000,'Ad',NULL,'','2017-01-02 14:46:30'),('12','80','999808','','Deir Abu Masha\'al Herders','100',3,'',45,0,0,0,NULL,NULL,NULL,NULL,NULL,NULL,NULL,NULL,NULL,NULL,NULL,NULL,32.00448340000000,35.06033744000000,'Ad',NULL,'','2017-01-02 14:46:30'),('121','20','503100','','Beit \'Amra','200',1,'',250,0,0,0,NULL,NULL,NULL,NULL,NULL,NULL,NULL,NULL,NULL,NULL,NULL,NULL,31.44940366000000,35.04826696000000,'Ad',NULL,'','2017-01-02 14:46:30'),('122','20','503090','','Beit ar Rush al Fauqa','200',1,'',170,0,0,0,NULL,NULL,NULL,NULL,NULL,NULL,NULL,NULL,NULL,NULL,NULL,NULL,31.45100606000000,34.92718840000000,'Ad',NULL,'','2017-01-02 14:46:30'),('123','20','502835','','Beit \'Awwa','200',1,'',1500,0,0,0,NULL,NULL,NULL,NULL,NULL,NULL,NULL,NULL,NULL,NULL,NULL,NULL,31.50748408000000,34.95494869000000,'Ad',NULL,'','2017-01-02 14:46:30'),('124','20','502680','','Beit \'Einun','200',2,'',2500,0,0,0,NULL,NULL,NULL,NULL,NULL,NULL,NULL,NULL,NULL,NULL,NULL,NULL,31.56582522000000,35.13078872000000,'Ad',NULL,'','2017-01-02 14:46:30'),('125','20','502655','','Beit Kahil','200',1,'',800,0,0,0,NULL,NULL,NULL,NULL,NULL,NULL,NULL,NULL,NULL,NULL,NULL,NULL,31.57008324000000,35.06547821000000,'Ad',NULL,'','2017-01-02 14:46:30'),('126','20','503075','','Beit Mirsim','200',1,'',120,0,0,0,NULL,NULL,NULL,NULL,NULL,NULL,NULL,NULL,NULL,NULL,NULL,NULL,31.45058184000000,34.91768859000000,'Ad',NULL,'','2017-01-02 14:46:30'),('127','20','502540','','Beit Ummar','300',1,'',3200,0,0,0,NULL,NULL,NULL,NULL,NULL,NULL,NULL,NULL,NULL,NULL,NULL,NULL,31.62131258000000,35.10626543000000,'Ad',NULL,'','2017-01-02 14:46:30'),('128','20','502645','','Bir Musallam','200',3,'',150,0,0,0,NULL,NULL,NULL,NULL,NULL,NULL,NULL,NULL,NULL,NULL,NULL,NULL,31.57266187000000,34.98262457000000,'Ad',NULL,'','2017-01-02 14:46:30'),('129','20','502880','','Birin','100',3,'',325,0,0,0,NULL,NULL,NULL,NULL,NULL,NULL,NULL,NULL,NULL,NULL,NULL,NULL,31.49084547000000,35.14680808000000,'Ad',NULL,'','2017-01-02 14:46:30'),('13','80','999772','','East Tayba Bedouins','100',3,'',118,0,0,0,NULL,NULL,NULL,NULL,NULL,NULL,NULL,NULL,NULL,NULL,NULL,NULL,31.93926038000000,35.32863893000000,'Ad',NULL,'','2017-01-02 14:46:30'),('130','20','502995','','Biyar al \'Arus','200',1,'',700,0,0,0,NULL,NULL,NULL,NULL,NULL,NULL,NULL,NULL,NULL,NULL,NULL,NULL,31.46616587000000,35.11796935000000,'Ad',NULL,'','2017-01-02 14:46:30'),('131','20','502970','','Deir al \'Asal al Fauqa','200',1,'',1000,0,0,0,NULL,NULL,NULL,NULL,NULL,NULL,NULL,NULL,NULL,NULL,NULL,NULL,31.46770335000000,34.93843612000000,'Ad',NULL,'','2017-01-02 14:46:30'),('132','20','999937','','Deir al Hawa','100',2,'',30,0,0,0,NULL,NULL,NULL,NULL,NULL,NULL,NULL,NULL,NULL,NULL,NULL,NULL,31.36946423000000,34.92951754000000,'Ad',NULL,'','2017-01-02 14:46:30'),('133','20','502955','','Deir Razih','200',2,'',200,0,0,0,NULL,NULL,NULL,NULL,NULL,NULL,NULL,NULL,NULL,NULL,NULL,NULL,31.46537964000000,35.04099671000000,'Ad',NULL,'','2017-01-02 14:46:30'),('134','20','999978','','Deir Sa\'eeda','200',3,'',60,0,0,0,NULL,NULL,NULL,NULL,NULL,NULL,NULL,NULL,NULL,NULL,NULL,NULL,31.35751443000000,34.92923237000000,'Ad',NULL,'','2017-01-02 14:46:30'),('135','20','502810','','Deir Samit','200',1,'',900,0,0,0,NULL,NULL,NULL,NULL,NULL,NULL,NULL,NULL,NULL,NULL,NULL,NULL,31.51907250000000,34.97525961000000,'Ad',NULL,'','2017-01-02 14:46:30'),('136','20','999991','','Dkaika','100',3,'',270,0,0,0,NULL,NULL,NULL,NULL,NULL,NULL,NULL,NULL,NULL,NULL,NULL,NULL,31.38458910000000,35.22478062000000,'Ad',NULL,'','2017-01-02 14:46:30'),('137','20','502875','','Fuqeiqis','200',3,'',190,0,0,0,NULL,NULL,NULL,NULL,NULL,NULL,NULL,NULL,NULL,NULL,NULL,NULL,31.48887316000000,34.98682870000000,'Ad',NULL,'','2017-01-02 14:46:30'),('138','20','502920','','Hadab al Fawwar','200',1,'',1200,0,0,0,NULL,NULL,NULL,NULL,NULL,NULL,NULL,NULL,NULL,NULL,NULL,NULL,31.47717580000000,35.05461725000000,'Ad',NULL,'','2017-01-02 14:46:30'),('139','20','999995','','Halaweh','100',3,'',73,0,0,0,NULL,NULL,NULL,NULL,NULL,NULL,NULL,NULL,NULL,NULL,NULL,NULL,31.36475354000000,35.15821277000000,'Ad',NULL,'','2017-01-02 14:46:30'),('14','80','999758','','Ein ar Rashash','100',3,'',98,0,0,0,NULL,NULL,NULL,NULL,NULL,NULL,NULL,NULL,NULL,NULL,NULL,NULL,32.03504840000000,35.36891152000000,'Ad',NULL,'','2017-01-02 14:46:30'),('140','20','502630','','Halhul','300',1,'',2000,0,0,0,NULL,NULL,NULL,NULL,NULL,NULL,NULL,NULL,NULL,NULL,NULL,NULL,31.58039294000000,35.10245816000000,'Ad',NULL,'','2017-01-02 14:46:30'),('141','20','503365','','Haribat an Nabi','100',3,'',60,0,0,0,NULL,NULL,NULL,NULL,NULL,NULL,NULL,NULL,NULL,NULL,NULL,NULL,31.37759864000000,35.10870255000000,'Ad',NULL,'','2017-01-02 14:46:30'),('142','20','502785','','Humsa','200',3,'',25,0,0,0,NULL,NULL,NULL,NULL,NULL,NULL,NULL,NULL,NULL,NULL,NULL,NULL,31.53154087000000,34.98516464000000,'Ad',NULL,'','2017-01-02 14:46:30'),('143','20','502990','','Hureiz','200',1,'',100,0,0,0,NULL,NULL,NULL,NULL,NULL,NULL,NULL,NULL,NULL,NULL,NULL,NULL,31.46936314000000,35.12486125000000,'Ad',NULL,'','2017-01-02 14:46:30'),('144','20','502685','','Idhna','300',1,'',6281,0,0,0,NULL,NULL,NULL,NULL,NULL,NULL,NULL,NULL,NULL,NULL,NULL,NULL,31.55535702000000,34.97278311000000,'Ad',NULL,'','2017-01-02 14:46:30'),('145','20','503380','','Imneizil','200',3,'',500,0,0,0,NULL,NULL,NULL,NULL,NULL,NULL,NULL,NULL,NULL,NULL,NULL,NULL,31.37130548000000,35.10567375000000,'Ad',NULL,'','2017-01-02 14:46:30'),('146','20','999934','','Iqtait','100',3,'',13,0,0,0,NULL,NULL,NULL,NULL,NULL,NULL,NULL,NULL,NULL,NULL,NULL,NULL,31.40526428000000,34.91567309000000,'Ad',NULL,'','2017-01-02 14:46:30'),('147','20','999989','','Isfey al Fauqa','100',3,'',118,0,0,0,NULL,NULL,NULL,NULL,NULL,NULL,NULL,NULL,NULL,NULL,NULL,NULL,31.39773806000000,35.18078176000000,'Ad',NULL,'','2017-01-02 14:46:30'),('148','20','999999','','Isfey al Tihta','100',3,'',43,0,0,0,NULL,NULL,NULL,NULL,NULL,NULL,NULL,NULL,NULL,NULL,NULL,NULL,31.39935434000000,35.18661324000000,'Ad',NULL,'','2017-01-02 14:46:30'),('149','20','502985','','Iskeik','200',2,'',150,0,0,0,NULL,NULL,NULL,NULL,NULL,NULL,NULL,NULL,NULL,NULL,NULL,NULL,31.46577821000000,34.95712621000000,'Ad',NULL,'','2017-01-02 14:46:30'),('15','80','999794','','Ein Jaryout','100',3,'',39,0,0,0,NULL,NULL,NULL,NULL,NULL,NULL,NULL,NULL,NULL,NULL,NULL,NULL,31.89191756000000,35.15862333000000,'Ad',NULL,'','2017-01-02 14:46:30'),('150','20','999992','','Jinba','100',3,'',303,0,0,0,NULL,NULL,NULL,NULL,NULL,NULL,NULL,NULL,NULL,NULL,NULL,NULL,31.36457613000000,35.14026642000000,'Ad',NULL,'','2017-01-02 14:46:30'),('151','20','503095','','Karma','200',1,'',209,0,0,0,NULL,NULL,NULL,NULL,NULL,NULL,NULL,NULL,NULL,NULL,NULL,NULL,31.45126919000000,35.02727251000000,'Ad',NULL,'','2017-01-02 14:46:30'),('152','20','503115','','Khallet al Maiyya','200',1,'',250,0,0,0,NULL,NULL,NULL,NULL,NULL,NULL,NULL,NULL,NULL,NULL,NULL,NULL,31.44228740000000,35.14476339000000,'Ad',NULL,'','2017-01-02 14:46:30'),('153','20','503035','','Khallet \'Arabi','100',1,'',40,0,0,0,NULL,NULL,NULL,NULL,NULL,NULL,NULL,NULL,NULL,NULL,NULL,NULL,31.45949947000000,35.05246046000000,'Ad',NULL,'','2017-01-02 14:46:30'),('154','20','999993','','Khallet Athaba\'','100',3,'',79,0,0,0,NULL,NULL,NULL,NULL,NULL,NULL,NULL,NULL,NULL,NULL,NULL,NULL,31.39340272000000,35.15779326000000,'Ad',NULL,'','2017-01-02 14:46:30'),('155','20','502782','','Khallet Edar','200',1,'',500,0,0,0,NULL,NULL,NULL,NULL,NULL,NULL,NULL,NULL,NULL,NULL,NULL,NULL,31.49360977000000,35.11413305000000,'Ad',NULL,'','2017-01-02 14:46:30'),('156','20','999957','','Khallet Hajar Fauqa','600',3,'',170,0,0,0,NULL,NULL,NULL,NULL,NULL,NULL,NULL,NULL,NULL,NULL,NULL,NULL,31.46375523000000,35.16465954000000,'Ad',NULL,'','2017-01-02 14:46:30'),('157','20','999956','','Khallet Hajar Tahta','100',3,'',88,0,0,0,NULL,NULL,NULL,NULL,NULL,NULL,NULL,NULL,NULL,NULL,NULL,NULL,31.45688131000000,35.16581315000000,'Ad',NULL,'','2017-01-02 14:46:30'),('158','20','503126','','Khashem ad Daraj','100',3,'',1200,0,0,0,NULL,NULL,NULL,NULL,NULL,NULL,NULL,NULL,NULL,NULL,NULL,NULL,31.42928330000000,35.24399538000000,'Ad',NULL,'','2017-01-02 14:46:30'),('159','20','503130','','Khashem al Karem','100',3,'',950,0,0,0,NULL,NULL,NULL,NULL,NULL,NULL,NULL,NULL,NULL,NULL,NULL,NULL,31.41939016000000,35.23880553000000,'Ad',NULL,'','2017-01-02 14:46:30'),('16','50','999791','','Fheidat','300',3,'',71,0,0,0,NULL,NULL,NULL,NULL,NULL,NULL,NULL,NULL,NULL,NULL,NULL,NULL,31.81521821000000,35.27490864000000,'Ad',NULL,'','2017-01-02 14:46:30'),('160','20','502435','','Khirbet ad Deir','200',2,'',200,0,0,0,NULL,NULL,NULL,NULL,NULL,NULL,NULL,NULL,NULL,NULL,NULL,NULL,31.65584671000000,35.02606903000000,'Ad',NULL,'','2017-01-02 14:46:30'),('161','20','503350','','Khirbet al Fakheit','100',3,'',43,0,0,0,NULL,NULL,NULL,NULL,NULL,NULL,NULL,NULL,NULL,NULL,NULL,NULL,31.37710744000000,35.16623004000000,'Ad',NULL,'','2017-01-02 14:46:30'),('162','20','502675','','Khirbet al Hasaka','200',1,'',300,0,0,0,NULL,NULL,NULL,NULL,NULL,NULL,NULL,NULL,NULL,NULL,NULL,NULL,31.56695760000000,35.09163663000000,'Ad',NULL,'','2017-01-02 14:46:30'),('163','20','503385','','Khirbet al Kharaba','100',3,'',80,0,0,0,NULL,NULL,NULL,NULL,NULL,NULL,NULL,NULL,NULL,NULL,NULL,NULL,31.36841539000000,35.08881040000000,'Ad',NULL,'','2017-01-02 14:46:30'),('164','20','503340','','Khirbet al Majaz','300',3,'',105,0,0,0,NULL,NULL,NULL,NULL,NULL,NULL,NULL,NULL,NULL,NULL,NULL,NULL,31.37891434000000,35.18797703000000,'Ad',NULL,'','2017-01-02 14:46:30'),('165','20','503400','','Khirbet ar Rahwa','100',3,'',60,0,0,0,NULL,NULL,NULL,NULL,NULL,NULL,NULL,NULL,NULL,NULL,NULL,NULL,31.36427671000000,34.95036620000000,'Ad',NULL,'','2017-01-02 14:46:30'),('166','20','999985','','Khirbet ar Ratheem','100',3,'',7,0,0,0,NULL,NULL,NULL,NULL,NULL,NULL,NULL,NULL,NULL,NULL,NULL,NULL,31.36788827000000,35.02494470000000,'Ad',NULL,'','2017-01-02 14:46:30'),('167','20','503330','','Khirbet at Tabban','100',3,'',65,0,0,0,NULL,NULL,NULL,NULL,NULL,NULL,NULL,NULL,NULL,NULL,NULL,NULL,31.38204678000000,35.17400668000000,'Ad',NULL,'','2017-01-02 14:46:30'),('168','20','503360','','Khirbet Bir al \'Idd','200',3,'',40,0,0,0,NULL,NULL,NULL,NULL,NULL,NULL,NULL,NULL,NULL,NULL,NULL,NULL,31.37346373000000,35.13151043000000,'Ad',NULL,'','2017-01-02 14:46:30'),('169','20','503015','','Khirbet Bism','100',3,'',50,0,0,0,NULL,NULL,NULL,NULL,NULL,NULL,NULL,NULL,NULL,NULL,NULL,NULL,31.46129306000000,35.03234324000000,'Ad',NULL,'','2017-01-02 14:46:30'),('17','40','999941','','Al Hathroura','100',3,'',221,0,0,0,NULL,NULL,NULL,NULL,NULL,NULL,NULL,NULL,NULL,NULL,NULL,NULL,31.81634822000000,35.37534072000000,'Ad',NULL,'','2017-01-02 14:46:30'),('170','20','503395','','Khirbet Ghuwein al Fauqa','100',3,'',68,0,0,0,NULL,NULL,NULL,NULL,NULL,NULL,NULL,NULL,NULL,NULL,NULL,NULL,31.36105224000000,35.07914213000000,'Ad',NULL,'','2017-01-02 14:46:30'),('171','20','502625','','Khirbet Jamrura','100',2,'',100,0,0,0,NULL,NULL,NULL,NULL,NULL,NULL,NULL,NULL,NULL,NULL,NULL,NULL,31.58320941000000,34.97667654000000,'Ad',NULL,'','2017-01-02 14:46:30'),('172','20','502865','','Khirbet Salama','200',1,'',150,0,0,0,NULL,NULL,NULL,NULL,NULL,NULL,NULL,NULL,NULL,NULL,NULL,NULL,31.49107963000000,34.99794278000000,'Ad',NULL,'','2017-01-02 14:46:30'),('173','20','503375','','Khirbet Zanuta','100',3,'',200,0,0,0,NULL,NULL,NULL,NULL,NULL,NULL,NULL,NULL,NULL,NULL,NULL,NULL,31.37285359000000,34.99494647000000,'Ad',NULL,'','2017-01-02 14:46:30'),('174','20','502805','','Kureise','200',1,'',82,0,0,0,NULL,NULL,NULL,NULL,NULL,NULL,NULL,NULL,NULL,NULL,NULL,NULL,31.52342747000000,35.01559369000000,'Ad',NULL,'','2017-01-02 14:46:30'),('175','20','503345','','Maghayir al Abeed','100',3,'',40,0,0,0,NULL,NULL,NULL,NULL,NULL,NULL,NULL,NULL,NULL,NULL,NULL,NULL,31.38696811000000,35.18438293000000,'Ad',NULL,'','2017-01-02 14:46:30'),('176','20','503260','','Ma\'in','200',2,'',1000,0,0,0,NULL,NULL,NULL,NULL,NULL,NULL,NULL,NULL,NULL,NULL,NULL,NULL,31.41034889000000,35.13229396000000,'Ad',NULL,'','2017-01-02 14:46:30'),('177','20','503310','','Mantiqat Shi\'b al Butum','100',3,'',125,0,0,0,NULL,NULL,NULL,NULL,NULL,NULL,NULL,NULL,NULL,NULL,NULL,NULL,31.39450862000000,35.13259044000000,'Ad',NULL,'','2017-01-02 14:46:30'),('178','20','999994','','Mirkez','100',3,'',119,0,0,0,NULL,NULL,NULL,NULL,NULL,NULL,NULL,NULL,NULL,NULL,NULL,NULL,31.36384251000000,35.15024757000000,'Ad',NULL,'','2017-01-02 14:46:30'),('179','20','503111','','Om Ashoqhan','200',1,'',200,0,0,0,NULL,NULL,NULL,NULL,NULL,NULL,NULL,NULL,NULL,NULL,NULL,NULL,31.44871975000000,35.13877588000000,'Ad',NULL,'','2017-01-02 14:46:30'),('18','40','999792','','Isteih','300',3,'',107,0,0,0,NULL,NULL,NULL,NULL,NULL,NULL,NULL,NULL,NULL,NULL,NULL,NULL,31.85399193000000,35.43515967000000,'Ad',NULL,'','2017-01-02 14:46:30'),('180','20','999936','','Osaileh','100',2,'',25,0,0,0,NULL,NULL,NULL,NULL,NULL,NULL,NULL,NULL,NULL,NULL,NULL,NULL,31.39029794000000,34.92358305000000,'Ad',NULL,'','2017-01-02 14:46:30'),('181','20','502855','','Qalqas','300',1,'',1000,0,0,0,NULL,NULL,NULL,NULL,NULL,NULL,NULL,NULL,NULL,NULL,NULL,NULL,31.49172345000000,35.09518519000000,'Ad',NULL,'','2017-01-02 14:46:30'),('182','20','503315','','Qawawis','100',3,'',50,0,0,0,NULL,NULL,NULL,NULL,NULL,NULL,NULL,NULL,NULL,NULL,NULL,NULL,31.39434560000000,35.14244964000000,'Ad',NULL,'','2017-01-02 14:46:30'),('183','20','502681','','Qla\'a Zeta','300',2,'',650,0,0,0,NULL,NULL,NULL,NULL,NULL,NULL,NULL,NULL,NULL,NULL,NULL,NULL,31.55871982000000,35.12529601000000,'Ad',NULL,'','2017-01-02 14:46:30'),('184','20','503145','','Rabud','200',2,'',800,0,0,0,NULL,NULL,NULL,NULL,NULL,NULL,NULL,NULL,NULL,NULL,NULL,NULL,31.43897813000000,35.01650992000000,'Ad',NULL,'','2017-01-02 14:46:30'),('185','20','502665','','Ras at Tawil','200',2,'',651,0,0,0,NULL,NULL,NULL,NULL,NULL,NULL,NULL,NULL,NULL,NULL,NULL,NULL,31.56483098000000,35.14731680000000,'Ad',NULL,'','2017-01-02 14:46:30'),('186','20','999944','','Rojom Eshayeb','100',3,'',200,0,0,0,NULL,NULL,NULL,NULL,NULL,NULL,NULL,NULL,NULL,NULL,NULL,NULL,31.40733054000000,35.22508804000000,'Ad',NULL,'','2017-01-02 14:46:30'),('187','20','999986','','Saadet Tha\'lah','100',3,'',85,0,0,0,NULL,NULL,NULL,NULL,NULL,NULL,NULL,NULL,NULL,NULL,NULL,NULL,31.42002904000000,35.19201613000000,'Ad',NULL,'','2017-01-02 14:46:30'),('188','20','502485','','Safa','200',1,'',200,0,0,0,NULL,NULL,NULL,NULL,NULL,NULL,NULL,NULL,NULL,NULL,NULL,NULL,31.63824247000000,35.09859994000000,'Ad',NULL,'','2017-01-02 14:46:30'),('189','20','502860','','Sikka','200',1,'',100,0,0,0,NULL,NULL,NULL,NULL,NULL,NULL,NULL,NULL,NULL,NULL,NULL,NULL,31.49142914000000,34.94333560000000,'Ad',NULL,'','2017-01-02 14:46:30'),('19','90','999796','','Jbour and \'Anani','100',3,'',74,0,0,0,NULL,NULL,NULL,NULL,NULL,NULL,NULL,NULL,NULL,NULL,NULL,NULL,32.06534856000000,35.00515349000000,'Ad',NULL,'','2017-01-02 14:46:30'),('190','20','502730','','Suba','200',1,'',300,0,0,0,NULL,NULL,NULL,NULL,NULL,NULL,NULL,NULL,NULL,NULL,NULL,NULL,31.54220551000000,34.99307775000000,'Ad',NULL,'','2017-01-02 14:46:30'),('191','20','502450','','Surif','300',1,'',1000,0,0,0,NULL,NULL,NULL,NULL,NULL,NULL,NULL,NULL,NULL,NULL,NULL,NULL,31.64731898000000,35.06770622000000,'Ad',NULL,'','2017-01-02 14:46:30'),('192','20','999987','','Susiya','200',3,'',450,0,0,0,NULL,NULL,NULL,NULL,NULL,NULL,NULL,NULL,NULL,NULL,NULL,NULL,31.40087482000000,35.10835589000000,'Ad',NULL,'','2017-01-02 14:46:30'),('193','20','502640','','Tarqumiya','300',1,'',2000,0,0,0,NULL,NULL,NULL,NULL,NULL,NULL,NULL,NULL,NULL,NULL,NULL,NULL,31.57549154000000,35.01273042000000,'Ad',NULL,'','2017-01-02 14:46:30'),('194','20','502800','','Tarusa','100',3,'',180,0,0,0,NULL,NULL,NULL,NULL,NULL,NULL,NULL,NULL,NULL,NULL,NULL,NULL,31.52374534000000,34.98709458000000,'Ad',NULL,'','2017-01-02 14:46:30'),('195','20','999980','','Tatrit','600',3,'',80,0,0,0,NULL,NULL,NULL,NULL,NULL,NULL,NULL,NULL,NULL,NULL,NULL,NULL,31.35106282000000,34.92791957000000,'Ad',NULL,'','2017-01-02 14:46:30'),('196','20','999996','','Tuba','100',3,'',100,0,0,0,NULL,NULL,NULL,NULL,NULL,NULL,NULL,NULL,NULL,NULL,NULL,NULL,31.40682127000000,35.17735417000000,'Ad',NULL,'','2017-01-02 14:46:30'),('197','20','503105','','Umm ad Daraj','200',3,'',1000,0,0,0,NULL,NULL,NULL,NULL,NULL,NULL,NULL,NULL,NULL,NULL,NULL,NULL,31.44549178000000,35.20118634000000,'Ad',NULL,'','2017-01-02 14:46:30'),('198','20','503205','','Umm al Kheir','100',3,'',850,0,0,0,NULL,NULL,NULL,NULL,NULL,NULL,NULL,NULL,NULL,NULL,NULL,NULL,31.42741702000000,35.19564844000000,'Ad',NULL,'','2017-01-02 14:46:30'),('199','20','999982','','Umm Fagarah','100',3,'',92,0,0,0,NULL,NULL,NULL,NULL,NULL,NULL,NULL,NULL,NULL,NULL,NULL,NULL,31.40270261000000,35.15043457000000,'Ad',NULL,'','2017-01-02 14:46:30'),('2','10','452355','','Al Jab\'a','200',1,'',500,0,0,0,NULL,NULL,NULL,NULL,NULL,NULL,NULL,NULL,NULL,NULL,NULL,NULL,31.67414087000000,35.07837316000000,'Ad',NULL,'','2017-01-02 14:46:30'),('20','50','999795','','Khan Al Ahmar - Makab as Samen','100',3,'',160,0,0,0,NULL,NULL,NULL,NULL,NULL,NULL,NULL,NULL,NULL,NULL,NULL,NULL,31.81243469000000,35.32578121000000,'Ad',NULL,'','2017-01-02 14:46:30'),('200','20','502575','','Umm al Butm','100',3,'',85,0,0,0,NULL,NULL,NULL,NULL,NULL,NULL,NULL,NULL,NULL,NULL,NULL,NULL,31.60995970000000,35.19356551000000,'Ad',NULL,'','2017-01-02 14:46:30'),('201','20','503150','','Umm Lasafa','200',1,'',500,0,0,0,NULL,NULL,NULL,NULL,NULL,NULL,NULL,NULL,NULL,NULL,NULL,NULL,31.43622007000000,35.15634405000000,'Ad',NULL,'','2017-01-02 14:46:30'),('202','20','999979','','Umm Sidra','200',3,'',120,0,0,0,NULL,NULL,NULL,NULL,NULL,NULL,NULL,NULL,NULL,NULL,NULL,NULL,31.35866609000000,34.90987166000000,'Ad',NULL,'','2017-01-02 14:46:30'),('203','20','999953','','Wadi al Amayer Herders','100',1,'',44,0,0,0,NULL,NULL,NULL,NULL,NULL,NULL,NULL,NULL,NULL,NULL,NULL,NULL,31.37463019000000,35.08438723000000,'Ad',NULL,'','2017-01-02 14:46:30'),('204','20','999977','','Wadi al Ghrous','300',3,'',400,0,0,0,NULL,NULL,NULL,NULL,NULL,NULL,NULL,NULL,NULL,NULL,NULL,NULL,31.53452390000000,35.12242372000000,'Ad',NULL,'','2017-01-02 14:46:30'),('205','20','502940','','Wadi ash Shajina','200',1,'',120,0,0,0,NULL,NULL,NULL,NULL,NULL,NULL,NULL,NULL,NULL,NULL,NULL,NULL,31.46951805000000,35.03187394000000,'Ad',NULL,'','2017-01-02 14:46:30'),('206','20','999945','','Wedadie','100',3,'',13,0,0,0,NULL,NULL,NULL,NULL,NULL,NULL,NULL,NULL,NULL,NULL,NULL,NULL,31.36725578000000,35.00849038000000,'Ad',NULL,'','2017-01-02 14:46:30'),('207','20','502965','','Zif','200',3,'',900,0,0,0,NULL,NULL,NULL,NULL,NULL,NULL,NULL,NULL,NULL,NULL,NULL,NULL,31.46698336000000,35.13762746000000,'Ad',NULL,'','2017-01-02 14:46:30'),('208','30','10195','','Aba','200',3,'',250,0,0,0,NULL,NULL,NULL,NULL,NULL,NULL,NULL,NULL,NULL,NULL,NULL,NULL,32.45909280000000,35.32379296000000,'Ad',NULL,'','2017-01-02 14:46:30'),('209','30','10365','','Ad Damayra','100',3,'',250,0,0,0,NULL,NULL,NULL,NULL,NULL,NULL,NULL,NULL,NULL,NULL,NULL,NULL,32.40632237000000,35.22858702000000,'Ad',NULL,'','2017-01-02 14:46:30'),('21','50','999759','','Khan Al Ahmar - Wadi As Sider','100',3,'',82,0,0,0,NULL,NULL,NULL,NULL,NULL,NULL,NULL,NULL,NULL,NULL,NULL,NULL,31.80907723000000,35.34356998000000,'Ad',NULL,'','2017-01-02 14:46:30'),('210','30','999930','','Adebal','100',3,'',90,0,0,0,NULL,NULL,NULL,NULL,NULL,NULL,NULL,NULL,NULL,NULL,NULL,NULL,32.44781047000000,35.18072274000000,'Ad',NULL,'','2017-01-02 14:46:30'),('211','30','10500','','Ajja','200',1,'',395,0,0,0,NULL,NULL,NULL,NULL,NULL,NULL,NULL,NULL,NULL,NULL,NULL,NULL,32.35849736000000,35.19665913000000,'Ad',NULL,'','2017-01-02 14:46:30'),('212','30','10585','','Al \'Asa\'asa','200',1,'',650,0,0,0,NULL,NULL,NULL,NULL,NULL,NULL,NULL,NULL,NULL,NULL,NULL,NULL,32.32943179000000,35.20418078000000,'Ad',NULL,'','2017-01-02 14:46:30'),('213','30','10615','','Al Fandaqumiya','200',1,'',17,0,0,0,NULL,NULL,NULL,NULL,NULL,NULL,NULL,NULL,NULL,NULL,NULL,NULL,32.32148601000000,35.20312875000000,'Ad',NULL,'','2017-01-02 14:46:30'),('214','30','10335','','Al Hafira','100',3,'',80,0,0,0,NULL,NULL,NULL,NULL,NULL,NULL,NULL,NULL,NULL,NULL,NULL,NULL,32.40898035000000,35.23184440000000,'Ad',NULL,'','2017-01-02 14:46:30'),('215','30','10030','','Al Jalama','200',1,'',600,0,0,0,NULL,NULL,NULL,NULL,NULL,NULL,NULL,NULL,NULL,NULL,NULL,NULL,32.50801773000000,35.31364191000000,'Ad',NULL,'','2017-01-02 14:46:30'),('216','30','10410','','Al Mansura','100',3,'',250,0,0,0,NULL,NULL,NULL,NULL,NULL,NULL,NULL,NULL,NULL,NULL,NULL,NULL,32.38646457000000,35.21636138000000,'Ad',NULL,'','2017-01-02 14:46:30'),('217','30','10315','','Al Mutilla','200',2,'',254,0,0,0,NULL,NULL,NULL,NULL,NULL,NULL,NULL,NULL,NULL,NULL,NULL,NULL,32.41985639000000,35.40712197000000,'Ad',NULL,'','2017-01-02 14:46:30'),('218','30','10045','','Anin','200',1,'',60,0,0,0,NULL,NULL,NULL,NULL,NULL,NULL,NULL,NULL,NULL,NULL,NULL,NULL,32.50179336000000,35.16956987000000,'Ad',NULL,'','2017-01-02 14:46:30'),('219','30','10505','','Anza','200',1,'',300,0,0,0,NULL,NULL,NULL,NULL,NULL,NULL,NULL,NULL,NULL,NULL,NULL,NULL,32.35682025000000,35.21829590000000,'Ad',NULL,'','2017-01-02 14:46:30'),('22','50','999786','','Beit Hanina - Al Marwaha West','300',3,'',140,0,0,0,NULL,NULL,NULL,NULL,NULL,NULL,NULL,NULL,NULL,NULL,NULL,NULL,31.83573153000000,35.21510294000000,'Ad',NULL,'','2017-01-02 14:46:30'),('221','30','10025','','Arabbuna','200',1,'',250,0,0,0,NULL,NULL,NULL,NULL,NULL,NULL,NULL,NULL,NULL,NULL,NULL,NULL,32.51130166000000,35.36339398000000,'Ad',NULL,'','2017-01-02 14:46:30'),('222','30','10370','','Arraba','300',1,'',360,0,0,0,NULL,NULL,NULL,NULL,NULL,NULL,NULL,NULL,NULL,NULL,NULL,NULL,32.40529447000000,35.20489088000000,'Ad',NULL,'','2017-01-02 14:46:30'),('223','30','10050','','Arrana','200',1,'',500,0,0,0,NULL,NULL,NULL,NULL,NULL,NULL,NULL,NULL,NULL,NULL,NULL,NULL,32.49829893000000,35.32216543000000,'Ad',NULL,'','2017-01-02 14:46:30'),('224','30','10040','','As Sa\'aida','100',3,'',170,0,0,0,NULL,NULL,NULL,NULL,NULL,NULL,NULL,NULL,NULL,NULL,NULL,NULL,32.50543977000000,35.19960744000000,'Ad',NULL,'','2017-01-02 14:46:30'),('225','30','10020','','At Tayba','200',1,'',600,0,0,0,NULL,NULL,NULL,NULL,NULL,NULL,NULL,NULL,NULL,NULL,NULL,NULL,32.51622934000000,35.18683114000000,'Ad',NULL,'','2017-01-02 14:46:30'),('226','30','10120','','Barta\'a ash Sharqiya','200',1,'',1100,0,0,0,NULL,NULL,NULL,NULL,NULL,NULL,NULL,NULL,NULL,NULL,NULL,NULL,32.47215237000000,35.09509851000000,'Ad',NULL,'','2017-01-02 14:46:30'),('227','30','10320','','Bir al Basha','200',3,'',2000,0,0,0,NULL,NULL,NULL,NULL,NULL,NULL,NULL,NULL,NULL,NULL,NULL,NULL,32.42097607000000,35.23126862000000,'Ad',NULL,'','2017-01-02 14:46:30'),('228','30','10075','','Dahiyat Sabah al Kheir','100',1,'',150,0,0,0,NULL,NULL,NULL,NULL,NULL,NULL,NULL,NULL,NULL,NULL,NULL,NULL,32.48895917000000,35.29912814000000,'Ad',NULL,'','2017-01-02 14:46:30'),('229','30','10240','','Dhaher al \'Abed','200',3,'',670,0,0,0,NULL,NULL,NULL,NULL,NULL,NULL,NULL,NULL,NULL,NULL,NULL,NULL,32.45061993000000,35.09403162000000,'Ad',NULL,'','2017-01-02 14:46:30'),('23','50','999757','','Mikhmas Bedouins','100',3,'',45,0,0,0,NULL,NULL,NULL,NULL,NULL,NULL,NULL,NULL,NULL,NULL,NULL,NULL,31.87802753000000,35.28740947000000,'Ad',NULL,'','2017-01-02 14:46:30'),('230','30','10115','','Dhaher al Malih','200',3,'',300,0,0,0,NULL,NULL,NULL,NULL,NULL,NULL,NULL,NULL,NULL,NULL,NULL,NULL,32.47345468000000,35.15918589000000,'Ad',NULL,'','2017-01-02 14:46:30'),('231','30','10060','','Faqqu\'a','200',1,'',1500,0,0,0,NULL,NULL,NULL,NULL,NULL,NULL,NULL,NULL,NULL,NULL,NULL,NULL,32.49119080000000,35.39820533000000,'Ad',NULL,'','2017-01-02 14:46:30'),('232','30','999929','','Fraseen','100',3,'',9,0,0,0,NULL,NULL,NULL,NULL,NULL,NULL,NULL,NULL,NULL,NULL,NULL,NULL,32.42464831000000,35.10845904000000,'Ad',NULL,'','2017-01-02 14:46:30'),('233','30','10285','','Imreiha','100',3,'',450,0,0,0,NULL,NULL,NULL,NULL,NULL,NULL,NULL,NULL,NULL,NULL,NULL,NULL,32.43259520000000,35.14595810000000,'Ad',NULL,'','2017-01-02 14:46:30'),('234','30','999832','','Jabal al Aqra\'a','100',3,'',38,0,0,0,NULL,NULL,NULL,NULL,NULL,NULL,NULL,NULL,NULL,NULL,NULL,NULL,32.42303514000000,35.18300864000000,'Ad',NULL,'','2017-01-02 14:46:30'),('235','30','10190','','Jalbun','200',1,'',1200,0,0,0,NULL,NULL,NULL,NULL,NULL,NULL,NULL,NULL,NULL,NULL,NULL,NULL,32.46003585000000,35.41260107000000,'Ad',NULL,'','2017-01-02 14:46:30'),('236','30','10180','','Jenin','300',1,'',90,0,0,0,NULL,NULL,NULL,NULL,NULL,NULL,NULL,NULL,NULL,NULL,NULL,NULL,32.46271982000000,35.29952237000000,'Ad',NULL,'','2017-01-02 14:46:30'),('237','30','999932','','Khallet Anjas','100',3,'',31,0,0,0,NULL,NULL,NULL,NULL,NULL,NULL,NULL,NULL,NULL,NULL,NULL,NULL,32.49709448000000,35.19254224000000,'Ad',NULL,'','2017-01-02 14:46:30'),('238','30','10105','','Khirbet \'Abdallah al Yunis','200',3,'',200,0,0,0,NULL,NULL,NULL,NULL,NULL,NULL,NULL,NULL,NULL,NULL,NULL,NULL,32.47562491000000,35.11404228000000,'Ad',NULL,'','2017-01-02 14:46:30'),('239','30','10065','','Khirbet Abu \'Anqar','100',3,'',7,0,0,0,NULL,NULL,NULL,NULL,NULL,NULL,NULL,NULL,NULL,NULL,NULL,NULL,32.49404749000000,35.38847093000000,'Ad',NULL,'','2017-01-02 14:46:30'),('24','50','999806','','Abu George Road Bedouins - Nkheila','100',3,'',201,0,0,0,NULL,NULL,NULL,NULL,NULL,NULL,NULL,NULL,NULL,NULL,NULL,NULL,31.81352118000000,35.29953348000000,'Ad',NULL,'','2017-01-02 14:46:30'),('240','30','10175','','Khirbet al Muntar al Gharbiya','100',3,'',33,0,0,0,NULL,NULL,NULL,NULL,NULL,NULL,NULL,NULL,NULL,NULL,NULL,NULL,32.46108177000000,35.11294784000000,'Ad',NULL,'','2017-01-02 14:46:30'),('241','30','10205','','Khirbet al Muntar ash Sharqiya','100',3,'',41,0,0,0,NULL,NULL,NULL,NULL,NULL,NULL,NULL,NULL,NULL,NULL,NULL,NULL,32.45882700000000,35.12231782000000,'Ad',NULL,'','2017-01-02 14:46:30'),('242','30','999815','','Khirbet al-Mkahhal','100',3,'',26,0,0,0,NULL,NULL,NULL,NULL,NULL,NULL,NULL,NULL,NULL,NULL,NULL,NULL,32.42644790000000,35.14023045000000,'Ad',NULL,'','2017-01-02 14:46:30'),('244','30','999833','','Khirbet Fraseen','100',3,'',25,0,0,0,NULL,NULL,NULL,NULL,NULL,NULL,NULL,NULL,NULL,NULL,NULL,NULL,32.42998179000000,35.11905445000000,'Ad',NULL,'','2017-01-02 14:46:30'),('245','30','10200','','Khirbet Mas\'ud','100',3,'',40,0,0,0,NULL,NULL,NULL,NULL,NULL,NULL,NULL,NULL,NULL,NULL,NULL,NULL,32.44333151000000,35.11359442000000,'Ad',NULL,'','2017-01-02 14:46:30'),('246','30','10280','','Khirbet Sab\'ein','100',3,'',32,0,0,0,NULL,NULL,NULL,NULL,NULL,NULL,NULL,NULL,NULL,NULL,NULL,NULL,32.43559856000000,35.32746173000000,'Ad',NULL,'','2017-01-02 14:46:30'),('247','30','10070','','Khirbet Suruj','100',3,'',63,0,0,0,NULL,NULL,NULL,NULL,NULL,NULL,NULL,NULL,NULL,NULL,NULL,NULL,32.48751844000000,35.19672958000000,'Ad',NULL,'','2017-01-02 14:46:30'),('248','30','10165','','Nazlat ash Sheikh Zeid','200',1,'',198,0,0,0,NULL,NULL,NULL,NULL,NULL,NULL,NULL,NULL,NULL,NULL,NULL,NULL,32.46239359000000,35.17550901000000,'Ad',NULL,'','2017-01-02 14:46:30'),('249','30','10255','','Qeiqis','200',3,'',49,0,0,0,NULL,NULL,NULL,NULL,NULL,NULL,NULL,NULL,NULL,NULL,NULL,NULL,32.44987502000000,35.11092991000000,'Ad',NULL,'','2017-01-02 14:46:30'),('25','50','999889','','North Al Jib Bedouins','100',3,'',80,0,0,0,NULL,NULL,NULL,NULL,NULL,NULL,NULL,NULL,NULL,NULL,NULL,NULL,31.85629962000000,35.18911804000000,'Ad',NULL,'','2017-01-02 14:46:30'),('250','30','10010','','Rummana','200',1,'',1000,0,0,0,NULL,NULL,NULL,NULL,NULL,NULL,NULL,NULL,NULL,NULL,NULL,NULL,32.52497832000000,35.20607973000000,'Ad',NULL,'','2017-01-02 14:46:30'),('251','30','10510','','Sanur','200',1,'',100,0,0,0,NULL,NULL,NULL,NULL,NULL,NULL,NULL,NULL,NULL,NULL,NULL,NULL,32.35643889000000,35.24474137000000,'Ad',NULL,'','2017-01-02 14:46:30'),('252','30','10625','','Silat adh Dhahr','300',1,'',1000,0,0,0,NULL,NULL,NULL,NULL,NULL,NULL,NULL,NULL,NULL,NULL,NULL,NULL,32.32095869000000,35.18798201000000,'Ad',NULL,'','2017-01-02 14:46:30'),('253','30','10015','','Ti\'innik','200',2,'',800,0,0,0,NULL,NULL,NULL,NULL,NULL,NULL,NULL,NULL,NULL,NULL,NULL,NULL,32.51996704000000,35.22162027000000,'Ad',NULL,'','2017-01-02 14:46:30'),('254','30','10145','','Tura al Gharbiya','200',1,'',250,0,0,0,NULL,NULL,NULL,NULL,NULL,NULL,NULL,NULL,NULL,NULL,NULL,NULL,32.46817406000000,35.15366355000000,'Ad',NULL,'','2017-01-02 14:46:30'),('255','30','10150','','Tura ash Sharqiya','200',3,'',225,0,0,0,NULL,NULL,NULL,NULL,NULL,NULL,NULL,NULL,NULL,NULL,NULL,NULL,32.46656424000000,35.16596305000000,'Ad',NULL,'','2017-01-02 14:46:30'),('256','30','10085','','Umm ar Rihan','200',3,'',500,0,0,0,NULL,NULL,NULL,NULL,NULL,NULL,NULL,NULL,NULL,NULL,NULL,NULL,32.48318236000000,35.14200766000000,'Ad',NULL,'','2017-01-02 14:46:30'),('257','30','10235','','Wad ad Dabi\'','200',3,'',500,0,0,0,NULL,NULL,NULL,NULL,NULL,NULL,NULL,NULL,NULL,NULL,NULL,NULL,32.45499050000000,35.33260978000000,'Ad',NULL,'','2017-01-02 14:46:30'),('258','30','999931','','Wadi al Khazrak','100',3,'',37,0,0,0,NULL,NULL,NULL,NULL,NULL,NULL,NULL,NULL,NULL,NULL,NULL,NULL,32.49112156000000,35.16276060000000,'Ad',NULL,'','2017-01-02 14:46:30'),('259','30','10400','','Wadi Du\'oq','200',3,'',150,0,0,0,NULL,NULL,NULL,NULL,NULL,NULL,NULL,NULL,NULL,NULL,NULL,NULL,32.39271925000000,35.22124953000000,'Ad',NULL,'','2017-01-02 14:46:30'),('26','50','999807','','North \'Anata Bedouins','100',2,'',75,0,0,0,NULL,NULL,NULL,NULL,NULL,NULL,NULL,NULL,NULL,NULL,NULL,NULL,31.81917659000000,35.27066641000000,'Ad',NULL,'','2017-01-02 14:46:30'),('260','30','999914','','Wadi Shobash','100',3,'',115,0,0,0,NULL,NULL,NULL,NULL,NULL,NULL,NULL,NULL,NULL,NULL,NULL,NULL,32.40566783000000,35.39962925000000,'Ad',NULL,'','2017-01-02 14:46:30'),('261','30','10265','','Ya\'bad','300',1,'',2500,0,0,0,NULL,NULL,NULL,NULL,NULL,NULL,NULL,NULL,NULL,NULL,NULL,NULL,32.44479062000000,35.16773329000000,'Ad',NULL,'','2017-01-02 14:46:30'),('262','30','10245','','Zabda','200',1,'',134,0,0,0,NULL,NULL,NULL,NULL,NULL,NULL,NULL,NULL,NULL,NULL,NULL,NULL,32.44890447000000,35.12895456000000,'Ad',NULL,'','2017-01-02 14:46:30'),('263','30','10005','','Zububa','200',1,'',240,0,0,0,NULL,NULL,NULL,NULL,NULL,NULL,NULL,NULL,NULL,NULL,NULL,NULL,32.54210925000000,35.22210162000000,'Ad',NULL,'','2017-01-02 14:46:30'),('264','40','351690','','Al \'Auja','300',1,'',800,0,0,0,NULL,NULL,NULL,NULL,NULL,NULL,NULL,NULL,NULL,NULL,NULL,NULL,31.94931052000000,35.46536305000000,'Ad',NULL,'','2017-01-02 14:46:30'),('265','40','999835','','Al Jiftlik-abu al \'Ajaj','600',3,'',1580,0,0,0,NULL,NULL,NULL,NULL,NULL,NULL,NULL,NULL,NULL,NULL,NULL,NULL,32.12649376000000,35.49413782000000,'Ad',NULL,'','2017-01-02 14:46:30'),('266','40','999837','','Al Jiftlik - al Musaffah','200',3,'',1700,0,0,0,NULL,NULL,NULL,NULL,NULL,NULL,NULL,NULL,NULL,NULL,NULL,NULL,32.16077844000000,35.48341648000000,'Ad',NULL,'','2017-01-02 14:46:30'),('267','40','999834','','Al Jiftlik-ash-Shuneh','200',3,'',908,0,0,0,NULL,NULL,NULL,NULL,NULL,NULL,NULL,NULL,NULL,NULL,NULL,NULL,32.15455066000000,35.47156000000000,'Ad',NULL,'','2017-01-02 14:46:30'),('268','40','999836','','Al Jiftlik-Garb al Muthallath','200',3,'',1475,0,0,0,NULL,NULL,NULL,NULL,NULL,NULL,NULL,NULL,NULL,NULL,NULL,NULL,32.14207329000000,35.49815018000000,'Ad',NULL,'','2017-01-02 14:46:30'),('269','40','352075','','An Nabi Musa','100',3,'',24,0,0,0,NULL,NULL,NULL,NULL,NULL,NULL,NULL,NULL,NULL,NULL,NULL,NULL,31.79553360000000,35.41175725000000,'Ad',NULL,'','2017-01-02 14:46:30'),('27','50','999768','','North Beit Hanina Al Balad Bedouins','100',3,'',86,0,0,0,NULL,NULL,NULL,NULL,NULL,NULL,NULL,NULL,NULL,NULL,NULL,NULL,31.84135432000000,35.20803276000000,'Ad',NULL,'','2017-01-02 14:46:30'),('270','40','999904','','An Nuwei\'ma Al-Fauqa Bedouins','100',3,'',115,0,0,0,NULL,NULL,NULL,NULL,NULL,NULL,NULL,NULL,NULL,NULL,NULL,NULL,31.89716169000000,35.42879365000000,'Ad',NULL,'','2017-01-02 14:46:30'),('271','40','351975','','Aqbat Jaber Camp','500',1,'',195,0,0,0,NULL,NULL,NULL,NULL,NULL,NULL,NULL,NULL,NULL,NULL,NULL,NULL,31.84001480000000,35.44039191000000,'Ad',NULL,'','2017-01-02 14:46:30'),('272','40','351110','','Az Zubeidat','200',1,'',142,0,0,0,NULL,NULL,NULL,NULL,NULL,NULL,NULL,NULL,NULL,NULL,NULL,NULL,32.17272619000000,35.52990439000000,'Ad',NULL,'','2017-01-02 14:46:30'),('273','40','999902','','Ein el Qilt','100',3,'',53,0,0,0,NULL,NULL,NULL,NULL,NULL,NULL,NULL,NULL,NULL,NULL,NULL,NULL,31.83560872000000,35.37974176000000,'Ad',NULL,'','2017-01-02 14:46:30'),('274','40','999902','','Ein el Qilt','100',3,'',173,0,0,0,NULL,NULL,NULL,NULL,NULL,NULL,NULL,NULL,NULL,NULL,NULL,NULL,31.83560872000000,35.37974176000000,'Ad',NULL,'','2017-01-02 14:46:30'),('276','40','999903','','Ein ad Duyuk al Fauqa Bedouins','100',2,'',68,0,0,0,NULL,NULL,NULL,NULL,NULL,NULL,NULL,NULL,NULL,NULL,NULL,NULL,31.89625455000000,35.41961765000000,'Ad',NULL,'','2017-01-02 14:46:30'),('277','40','999909','','Fasayil al Wusta','100',3,'',146,0,0,0,NULL,NULL,NULL,NULL,NULL,NULL,NULL,NULL,NULL,NULL,NULL,NULL,32.02986959000000,35.44147665000000,'Ad',NULL,'','2017-01-02 14:46:30'),('278','40','351510','','Fasayil','200',1,'',500,0,0,0,NULL,NULL,NULL,NULL,NULL,NULL,NULL,NULL,NULL,NULL,NULL,NULL,32.02530806000000,35.44331176000000,'Ad',NULL,'','2017-01-02 14:46:30'),('279','40','999910','','Fasayil al Fauqa','600',3,'',550,0,0,0,NULL,NULL,NULL,NULL,NULL,NULL,NULL,NULL,NULL,NULL,NULL,NULL,32.03417509000000,35.43581927000000,'Ad',NULL,'','2017-01-02 14:46:30'),('28','50','999788','','North Bir Nabala Bedouins','100',3,'',89,0,0,0,NULL,NULL,NULL,NULL,NULL,NULL,NULL,NULL,NULL,NULL,NULL,NULL,31.85662190000000,35.20579464000000,'Ad',NULL,'','2017-01-02 14:46:30'),('280','40','351116','','Marj al Ghazal','200',1,'',58,0,0,0,NULL,NULL,NULL,NULL,NULL,NULL,NULL,NULL,NULL,NULL,NULL,NULL,32.16694376000000,35.52658110000000,'Ad',NULL,'','2017-01-02 14:46:30'),('281','40','351045','','Marj Na\'ja','200',1,'',75,0,0,0,NULL,NULL,NULL,NULL,NULL,NULL,NULL,NULL,NULL,NULL,NULL,NULL,32.18464182000000,35.53799168000000,'Ad',NULL,'','2017-01-02 14:46:30'),('282','40','999890','','Marj Na\'ja Herders','100',3,'',204,0,0,0,NULL,NULL,NULL,NULL,NULL,NULL,NULL,NULL,NULL,NULL,NULL,NULL,32.17575085000000,35.53146346000000,'Ad',NULL,'','2017-01-02 14:46:30'),('283','40','999908','','Ras \'Ein al \'Auja','100',3,'',475,0,0,0,NULL,NULL,NULL,NULL,NULL,NULL,NULL,NULL,NULL,NULL,NULL,NULL,31.94488968000000,35.40333911000000,'Ad',NULL,'','2017-01-02 14:46:30'),('284','40','999943','','Sateh al Bahr','100',3,'',68,0,0,0,NULL,NULL,NULL,NULL,NULL,NULL,NULL,NULL,NULL,NULL,NULL,NULL,31.80637822000000,35.39502038000000,'Ad',NULL,'','2017-01-02 14:46:30'),('285','50','402120','','Abu Dis','300',1,'',1500,0,0,0,NULL,NULL,NULL,NULL,NULL,NULL,NULL,NULL,NULL,NULL,NULL,NULL,31.76226693000000,35.26033270000000,'Ad',NULL,'','2017-01-02 14:46:30'),('286','50','999959','','Abu Nuwar','100',3,'',375,0,0,0,NULL,NULL,NULL,NULL,NULL,NULL,NULL,NULL,NULL,NULL,NULL,NULL,31.76179100000000,35.29351007000000,'Ad',NULL,'','2017-01-02 14:46:30'),('287','50','999766','','Abu Shusheh Bedouins','100',3,'',64,0,0,0,NULL,NULL,NULL,NULL,NULL,NULL,NULL,NULL,NULL,NULL,NULL,NULL,31.86628982000000,35.25410249000000,'Ad',NULL,'','2017-01-02 14:46:30'),('288','50','999881','','Al Baqa\'a','100',3,'',128,0,0,0,NULL,NULL,NULL,NULL,NULL,NULL,NULL,NULL,NULL,NULL,NULL,NULL,31.85709055000000,35.31291723000000,'Ad',NULL,'','2017-01-02 14:46:30'),('289','50','402100','','Al \'Eizariya','300',1,'',6000,0,0,0,NULL,NULL,NULL,NULL,NULL,NULL,NULL,NULL,NULL,NULL,NULL,NULL,31.76985989000000,35.26953110000000,'Ad',NULL,'','2017-01-02 14:46:30'),('29','50','999825','','South Al Jib Bedouins','100',3,'',57,0,0,0,NULL,NULL,NULL,NULL,NULL,NULL,NULL,NULL,NULL,NULL,NULL,NULL,31.84064559000000,35.18177158000000,'Ad',NULL,'','2017-01-02 14:46:30'),('290','50','401955','','Al Jib','200',1,'',1780,0,0,0,NULL,NULL,NULL,NULL,NULL,NULL,NULL,NULL,NULL,NULL,NULL,NULL,31.85127627000000,35.18170712000000,'Ad',NULL,'','2017-01-02 14:46:30'),('291','50','401940','','Al Judeira','200',1,'',416,0,0,0,NULL,NULL,NULL,NULL,NULL,NULL,NULL,NULL,NULL,NULL,NULL,NULL,31.85599876000000,35.19711834000000,'Ad',NULL,'','2017-01-02 14:46:30'),('292','50','999967','','Al Khalayleh','200',3,'',543,0,0,0,NULL,NULL,NULL,NULL,NULL,NULL,NULL,NULL,NULL,NULL,NULL,NULL,31.84992669000000,35.16509633000000,'Ad',NULL,'','2017-01-02 14:46:30'),('293','50','999819','','Al Khalayleh Bedouins','100',3,'',7,0,0,0,NULL,NULL,NULL,NULL,NULL,NULL,NULL,NULL,NULL,NULL,NULL,NULL,31.85166130000000,35.16425117000000,'Ad',NULL,'','2017-01-02 14:46:30'),('294','50','999952','','Al Muntar','100',3,'',242,0,0,0,NULL,NULL,NULL,NULL,NULL,NULL,NULL,NULL,NULL,NULL,NULL,NULL,31.74516219000000,35.31823571000000,'Ad',NULL,'','2017-01-02 14:46:30'),('295','50','401980','','Al Qubeiba','200',1,'',500,0,0,0,NULL,NULL,NULL,NULL,NULL,NULL,NULL,NULL,NULL,NULL,NULL,NULL,31.83851867000000,35.13693770000000,'Ad',NULL,'','2017-01-02 14:46:30'),('296','50','402000','','An Nabi Samwil','200',3,'',175,0,0,0,NULL,NULL,NULL,NULL,NULL,NULL,NULL,NULL,NULL,NULL,NULL,NULL,31.83300251000000,35.18289897000000,'Ad',NULL,'','2017-01-02 14:46:30'),('297','50','402040','','Anata','300',2,'',8500,0,0,0,NULL,NULL,NULL,NULL,NULL,NULL,NULL,NULL,NULL,NULL,NULL,NULL,31.81101234000000,35.26105465000000,'Ad',NULL,'','2017-01-02 14:46:30'),('298','50','401945','','Ar Ram & Dahiyat al Bareed','300',1,'',15000,0,0,0,NULL,NULL,NULL,NULL,NULL,NULL,NULL,NULL,NULL,NULL,NULL,NULL,31.85136083000000,35.23505739000000,'Ad',NULL,'','2017-01-02 14:46:30'),('299','50','999869','','Arab al Jahilin - al Jabal','600',3,'',2500,0,0,0,NULL,NULL,NULL,NULL,NULL,NULL,NULL,NULL,NULL,NULL,NULL,NULL,31.75938745000000,35.28510521000000,'Ad',NULL,'','2017-01-02 14:46:30'),('3','20','999760','','Al Jalajel','300',3,'',2000,0,0,0,NULL,NULL,NULL,NULL,NULL,NULL,NULL,NULL,NULL,NULL,NULL,NULL,31.52635245000000,35.13779717000000,'Ad',NULL,'','2017-01-02 14:46:30'),('30','50','999966','','South Bir Nabala Bedouins','100',3,'',62,0,0,0,NULL,NULL,NULL,NULL,NULL,NULL,NULL,NULL,NULL,NULL,NULL,NULL,31.84427804000000,35.20721104000000,'Ad',NULL,'','2017-01-02 14:46:30'),('300','50','402145','','As Sawahira ash Sharqiya','200',1,'',2300,0,0,0,NULL,NULL,NULL,NULL,NULL,NULL,NULL,NULL,NULL,NULL,NULL,NULL,31.74486071000000,35.27076666000000,'Ad',NULL,'','2017-01-02 14:46:30'),('301','50','402160','','Ash Sheikh Sa\'d','200',1,'',1500,0,0,0,NULL,NULL,NULL,NULL,NULL,NULL,NULL,NULL,NULL,NULL,NULL,NULL,31.73634646000000,35.25585473000000,'Ad',NULL,'','2017-01-02 14:46:30'),('302','50','402065','','Az Za\'ayyem','200',2,'',900,0,0,0,NULL,NULL,NULL,NULL,NULL,NULL,NULL,NULL,NULL,NULL,NULL,NULL,31.78856864000000,35.26465595000000,'Ad',NULL,'','2017-01-02 14:46:30'),('303','50','401950','','Beit \'Anan','200',1,'',423,0,0,0,NULL,NULL,NULL,NULL,NULL,NULL,NULL,NULL,NULL,NULL,NULL,NULL,31.85135425000000,35.11216877000000,'Ad',NULL,'','2017-01-02 14:46:30'),('304','50','401930','','Beit Duqqu','200',1,'',150,0,0,0,NULL,NULL,NULL,NULL,NULL,NULL,NULL,NULL,NULL,NULL,NULL,NULL,31.85855550000000,35.13168001000000,'Ad',NULL,'','2017-01-02 14:46:30'),('305','50','402010','','Beit Hanina al Balad','200',1,'',147,0,0,0,NULL,NULL,NULL,NULL,NULL,NULL,NULL,NULL,NULL,NULL,NULL,NULL,31.83026175000000,35.20721786000000,'Ad',NULL,'','2017-01-02 14:46:30'),('306','50','401965','','Beit Ijza','200',1,'',387,0,0,0,NULL,NULL,NULL,NULL,NULL,NULL,NULL,NULL,NULL,NULL,NULL,NULL,31.84710608000000,35.15153118000000,'Ad',NULL,'','2017-01-02 14:46:30'),('307','50','402025','','Beit Iksa','200',1,'',95,0,0,0,NULL,NULL,NULL,NULL,NULL,NULL,NULL,NULL,NULL,NULL,NULL,NULL,31.81839402000000,35.17900458000000,'Ad',NULL,'','2017-01-02 14:46:30'),('308','50','999886','','Beit Iksa Bedouins','100',3,'',108,0,0,0,NULL,NULL,NULL,NULL,NULL,NULL,NULL,NULL,NULL,NULL,NULL,NULL,31.83359492000000,35.16651242000000,'Ad',NULL,'','2017-01-02 14:46:30'),('309','50','402020','','Beit Surik','200',1,'',1000,0,0,0,NULL,NULL,NULL,NULL,NULL,NULL,NULL,NULL,NULL,NULL,NULL,NULL,31.82391738000000,35.14883059000000,'Ad',NULL,'','2017-01-02 14:46:30'),('31','50','999887','','Wadi Beit Hanina Bedouins','100',3,'',82,0,0,0,NULL,NULL,NULL,NULL,NULL,NULL,NULL,NULL,NULL,NULL,NULL,NULL,31.83111543000000,35.20048309000000,'Ad',NULL,'','2017-01-02 14:46:30'),('310','50','401995','','Biddu','200',1,'',730,0,0,0,NULL,NULL,NULL,NULL,NULL,NULL,NULL,NULL,NULL,NULL,NULL,NULL,31.83494642000000,35.14882219000000,'Ad',NULL,'','2017-01-02 14:46:30'),('311','50','999949','','Bir al Maskoob A','100',3,'',74,0,0,0,NULL,NULL,NULL,NULL,NULL,NULL,NULL,NULL,NULL,NULL,NULL,NULL,31.80249780000000,35.31403723000000,'Ad',NULL,'','2017-01-02 14:46:30'),('312','50','999947','','Bir al Maskoob B','100',3,'',33,0,0,0,NULL,NULL,NULL,NULL,NULL,NULL,NULL,NULL,NULL,NULL,NULL,NULL,31.80261783000000,35.30884219000000,'Ad',NULL,'','2017-01-02 14:46:30'),('313','50','401960','','Bir Nabala','200',2,'',1125,0,0,0,NULL,NULL,NULL,NULL,NULL,NULL,NULL,NULL,NULL,NULL,NULL,NULL,31.85057367000000,35.20295031000000,'Ad',NULL,'','2017-01-02 14:46:30'),('314','50','999829','','Dahiyat al Aqbat Bedouins','100',3,'',112,0,0,0,NULL,NULL,NULL,NULL,NULL,NULL,NULL,NULL,NULL,NULL,NULL,NULL,31.85054419000000,35.25923088000000,'Ad',NULL,'','2017-01-02 14:46:30'),('315','50','999871','','South \'Anata Bedouins (Wa\'ar al Beik)','100',3,'',321,0,0,0,NULL,NULL,NULL,NULL,NULL,NULL,NULL,NULL,NULL,NULL,NULL,NULL,31.80584954000000,35.26462372000000,'Ad',NULL,'','2017-01-02 14:46:30'),('316','50','402005','','Hizma','200',1,'',600,0,0,0,NULL,NULL,NULL,NULL,NULL,NULL,NULL,NULL,NULL,NULL,NULL,NULL,31.83379171000000,35.26393327000000,'Ad',NULL,'','2017-01-02 14:46:30'),('317','50','401935','','Jaba\'','200',1,'',996,0,0,0,NULL,NULL,NULL,NULL,NULL,NULL,NULL,NULL,NULL,NULL,NULL,NULL,31.85785588000000,35.25724535000000,'Ad',NULL,'','2017-01-02 14:46:30'),('318','50','401910','','Jaba\' (Tajammu\' Badawi)','100',3,'',203,0,0,0,NULL,NULL,NULL,NULL,NULL,NULL,NULL,NULL,NULL,NULL,NULL,NULL,31.85255971000000,35.26291289000000,'Ad',NULL,'','2017-01-02 14:46:30'),('319','50','999885','','Jabal al Baba','100',3,'',243,0,0,0,NULL,NULL,NULL,NULL,NULL,NULL,NULL,NULL,NULL,NULL,NULL,NULL,31.77439009000000,35.27968119000000,'Ad',NULL,'','2017-01-02 14:46:30'),('32','20','999875','','Yaqeen','300',3,'',300,0,0,0,NULL,NULL,NULL,NULL,NULL,NULL,NULL,NULL,NULL,NULL,NULL,NULL,31.50144083000000,35.15624062000000,'Ad',NULL,'','2017-01-02 14:46:30'),('320','50','401875','','Kafr \'Aqab','300',2,'',2000,0,0,0,NULL,NULL,NULL,NULL,NULL,NULL,NULL,NULL,NULL,NULL,NULL,NULL,31.87349219000000,35.22083851000000,'Ad',NULL,'','2017-01-02 14:46:30'),('321','50','999965','','Abu George Road Bedouins - Kassara','100',3,'',161,0,0,0,NULL,NULL,NULL,NULL,NULL,NULL,NULL,NULL,NULL,NULL,NULL,NULL,31.80691864000000,35.30882726000000,'Ad',NULL,'','2017-01-02 14:46:30'),('322','50','999862','','Khan Al Ahmar - Abu al Helu','100',3,'',132,0,0,0,NULL,NULL,NULL,NULL,NULL,NULL,NULL,NULL,NULL,NULL,NULL,NULL,31.81177821000000,35.33906563000000,'Ad',NULL,'','2017-01-02 14:46:30'),('323','50','999848','','Khan al Ahmar - Abu Falah','100',3,'',114,0,0,0,NULL,NULL,NULL,NULL,NULL,NULL,NULL,NULL,NULL,NULL,NULL,NULL,31.80554907000000,35.33643214000000,'Ad',NULL,'','2017-01-02 14:46:30'),('324','50','999962','','Khan al Ahmar - Mihtawish','100',3,'',126,0,0,0,NULL,NULL,NULL,NULL,NULL,NULL,NULL,NULL,NULL,NULL,NULL,NULL,31.81226828000000,35.33167605000000,'Ad',NULL,'','2017-01-02 14:46:30'),('325','50','401985','','Kharayib Umm al Lahim','200',3,'',700,0,0,0,NULL,NULL,NULL,NULL,NULL,NULL,NULL,NULL,NULL,NULL,NULL,NULL,31.83927252000000,35.09456394000000,'Ad',NULL,'','2017-01-02 14:46:30'),('326','50','999882','','Ma\'azi Jaba\'','100',3,'',76,0,0,0,NULL,NULL,NULL,NULL,NULL,NULL,NULL,NULL,NULL,NULL,NULL,NULL,31.86054406000000,35.26840476000000,'Ad',NULL,'','2017-01-02 14:46:30'),('327','50','401885','','Mikhmas','200',1,'',53,0,0,0,NULL,NULL,NULL,NULL,NULL,NULL,NULL,NULL,NULL,NULL,NULL,NULL,31.87212377000000,35.27730721000000,'Ad',NULL,'','2017-01-02 14:46:30'),('328','50','999888','','An Nabi Samwil Bedouins','100',3,'',36,0,0,0,NULL,NULL,NULL,NULL,NULL,NULL,NULL,NULL,NULL,NULL,NULL,NULL,31.83614126000000,35.18731743000000,'Ad',NULL,'','2017-01-02 14:46:30'),('329','50','401915','','Qalandiya','200',2,'',1000,0,0,0,NULL,NULL,NULL,NULL,NULL,NULL,NULL,NULL,NULL,NULL,NULL,NULL,31.86269584000000,35.20774101000000,'Ad',NULL,'','2017-01-02 14:46:30'),('33','20','999878','','Fer\'a','100',3,'',71,0,0,0,NULL,NULL,NULL,NULL,NULL,NULL,NULL,NULL,NULL,NULL,NULL,NULL,31.54956036000000,35.01148736000000,'Ad',NULL,'','2017-01-02 14:46:30'),('330','50','401900','','Qalandiya Camp','500',2,'',13000,0,0,0,NULL,NULL,NULL,NULL,NULL,NULL,NULL,NULL,NULL,NULL,NULL,NULL,31.86792332000000,35.22874800000000,'Ad',NULL,'','2017-01-02 14:46:30'),('331','50','402015','','Qatanna','200',1,'',2000,0,0,0,NULL,NULL,NULL,NULL,NULL,NULL,NULL,NULL,NULL,NULL,NULL,NULL,31.83402924000000,35.11915093000000,'Ad',NULL,'','2017-01-02 14:46:30'),('332','50','401870','','Rafat','200',1,'',833,0,0,0,NULL,NULL,NULL,NULL,NULL,NULL,NULL,NULL,NULL,NULL,NULL,NULL,31.87123260000000,35.19289061000000,'Ad',NULL,'','2017-01-02 14:46:30'),('333','50','999876','','Tublas','100',3,'',54,0,0,0,NULL,NULL,NULL,NULL,NULL,NULL,NULL,NULL,NULL,NULL,NULL,NULL,31.82779773000000,35.26784267000000,'Ad',NULL,'','2017-01-02 14:46:30'),('334','50','999942','','Wadi Abu Hindi','100',3,'',244,0,0,0,NULL,NULL,NULL,NULL,NULL,NULL,NULL,NULL,NULL,NULL,NULL,NULL,31.75881732000000,35.31756764000000,'Ad',NULL,'','2017-01-02 14:46:30'),('335','50','999868','','Wadi al A\'awaj','100',3,'',149,0,0,0,NULL,NULL,NULL,NULL,NULL,NULL,NULL,NULL,NULL,NULL,NULL,NULL,31.76961344000000,35.31589807000000,'Ad',NULL,'','2017-01-02 14:46:30'),('336','50','999884','','Wadi al Jimel ','100',3,'',123,0,0,0,NULL,NULL,NULL,NULL,NULL,NULL,NULL,NULL,NULL,NULL,NULL,NULL,31.77376141000000,35.28519856000000,'Ad',NULL,'','2017-01-02 14:46:30'),('337','50','999948','','Wadi Sneysel','100',3,'',90,0,0,0,NULL,NULL,NULL,NULL,NULL,NULL,NULL,NULL,NULL,NULL,NULL,NULL,31.80212774000000,35.30581648000000,'Ad',NULL,'','2017-01-02 14:46:30'),('339','60','150750','','Al Mas\'udiya','100',1,'',14,0,0,0,NULL,NULL,NULL,NULL,NULL,NULL,NULL,NULL,NULL,NULL,NULL,NULL,32.28227828000000,35.17640244000000,'Ad',NULL,'','2017-01-02 14:46:30'),('34','10','999787','','Al Janab','300',3,'',180,0,0,0,NULL,NULL,NULL,NULL,NULL,NULL,NULL,NULL,NULL,NULL,NULL,NULL,31.70565127000000,35.24264016000000,'Ad',NULL,'','2017-01-02 14:46:30'),('340','60','150785','','An Naqura','200',1,'',140,0,0,0,NULL,NULL,NULL,NULL,NULL,NULL,NULL,NULL,NULL,NULL,NULL,NULL,32.26398017000000,35.19801203000000,'Ad',NULL,'','2017-01-02 14:46:30'),('342','60','151380','','As Sawiya','200',1,'',631,0,0,0,NULL,NULL,NULL,NULL,NULL,NULL,NULL,NULL,NULL,NULL,NULL,NULL,32.08499260000000,35.25721345000000,'Ad',NULL,'','2017-01-02 14:46:30'),('344','60','151135','','Awarta','200',1,'',227,0,0,0,NULL,NULL,NULL,NULL,NULL,NULL,NULL,NULL,NULL,NULL,NULL,NULL,32.16181713000000,35.28701541000000,'Ad',NULL,'','2017-01-02 14:46:30'),('347','60','151080','','Burin','200',1,'',161,0,0,0,NULL,NULL,NULL,NULL,NULL,NULL,NULL,NULL,NULL,NULL,NULL,NULL,32.18272687000000,35.24948654000000,'Ad',NULL,'','2017-01-02 14:46:30'),('348','60','150680','','Burqa','200',1,'',200,0,0,0,NULL,NULL,NULL,NULL,NULL,NULL,NULL,NULL,NULL,NULL,NULL,NULL,32.30002805000000,35.19086594000000,'Ad',NULL,'','2017-01-02 14:46:30'),('349','60','150810','','Deir Sharaf','200',2,'',1000,0,0,0,NULL,NULL,NULL,NULL,NULL,NULL,NULL,NULL,NULL,NULL,NULL,NULL,32.25381374000000,35.18780373000000,'Ad',NULL,'','2017-01-02 14:46:30'),('35','10','452209','','Bir Onah','300',2,'',400,0,0,0,NULL,NULL,NULL,NULL,NULL,NULL,NULL,NULL,NULL,NULL,NULL,NULL,31.72308069000000,35.18974221000000,'Ad',NULL,'','2017-01-02 14:46:30'),('350','60','151445','','Duma','200',1,'',200,0,0,0,NULL,NULL,NULL,NULL,NULL,NULL,NULL,NULL,NULL,NULL,NULL,NULL,32.05750621000000,35.36771739000000,'Ad',NULL,'','2017-01-02 14:46:30'),('351','60','150885','','Ein Shibli','200',2,'',125,0,0,0,NULL,NULL,NULL,NULL,NULL,NULL,NULL,NULL,NULL,NULL,NULL,NULL,32.23009565000000,35.42476786000000,'Ad',NULL,'','2017-01-02 14:46:30'),('352','60','151030','','Furush Beit Dajan','200',3,'',900,0,0,0,NULL,NULL,NULL,NULL,NULL,NULL,NULL,NULL,NULL,NULL,NULL,NULL,32.18506481000000,35.45307578000000,'Ad',NULL,'','2017-01-02 14:46:30'),('353','60','999822','','Humsa - Al Farsheh','100',3,'',30,0,0,0,NULL,NULL,NULL,NULL,NULL,NULL,NULL,NULL,NULL,NULL,NULL,NULL,32.20711903000000,35.45206229000000,'Ad',NULL,'','2017-01-02 14:46:30'),('354','60','999857','','Humsa - Al Jufeh','100',3,'',38,0,0,0,NULL,NULL,NULL,NULL,NULL,NULL,NULL,NULL,NULL,NULL,NULL,NULL,32.18737433000000,35.45853846000000,'Ad',NULL,'','2017-01-02 14:46:30'),('355','60','999756','','Abu Kbash','100',3,'',160,0,0,0,NULL,NULL,NULL,NULL,NULL,NULL,NULL,NULL,NULL,NULL,NULL,NULL,32.21199211000000,35.44059646000000,'Ad',NULL,'','2017-01-02 14:46:30'),('356','60','999858','','Humsa - Basaliya','100',3,'',50,0,0,0,NULL,NULL,NULL,NULL,NULL,NULL,NULL,NULL,NULL,NULL,NULL,NULL,32.19795001000000,35.45527855000000,'Ad',NULL,'','2017-01-02 14:46:30'),('357','60','151185','','Huwwara','300',1,'',600,0,0,0,NULL,NULL,NULL,NULL,NULL,NULL,NULL,NULL,NULL,NULL,NULL,NULL,32.14980904000000,35.25716268000000,'Ad',NULL,'','2017-01-02 14:46:30'),('358','60','150975','','Iraq Burin','200',1,'',23,0,0,0,NULL,NULL,NULL,NULL,NULL,NULL,NULL,NULL,NULL,NULL,NULL,NULL,32.20046195000000,35.24226661000000,'Ad',NULL,'','2017-01-02 14:46:30'),('36','20','999764','','Farsh Alhawa','300',2,'',700,0,0,0,NULL,NULL,NULL,NULL,NULL,NULL,NULL,NULL,NULL,NULL,NULL,NULL,31.55830357000000,35.07915846000000,'Ad',NULL,'','2017-01-02 14:46:30'),('361','60','151025','','Kafr Qalil','200',1,'',1500,0,0,0,NULL,NULL,NULL,NULL,NULL,NULL,NULL,NULL,NULL,NULL,NULL,NULL,32.19035301000000,35.27953771000000,'Ad',NULL,'','2017-01-02 14:46:30'),('363','60','151465','','Khirbet al Marajim','100',3,'',11,0,0,0,NULL,NULL,NULL,NULL,NULL,NULL,NULL,NULL,NULL,NULL,NULL,NULL,32.04883520000000,35.35808825000000,'Ad',NULL,'','2017-01-02 14:46:30'),('364','60','151450','','Khirbet Sarra','100',1,'',32,0,0,0,NULL,NULL,NULL,NULL,NULL,NULL,NULL,NULL,NULL,NULL,NULL,NULL,32.06305606000000,35.31273968000000,'Ad',NULL,'','2017-01-02 14:46:30'),('365','60','151176','','Khirbet Tana','100',3,'',200,0,0,0,NULL,NULL,NULL,NULL,NULL,NULL,NULL,NULL,NULL,NULL,NULL,NULL,32.15583864000000,35.39753462000000,'Ad',NULL,'','2017-01-02 14:46:30'),('366','60','999911','','Lifjim','100',3,'',35,0,0,0,NULL,NULL,NULL,NULL,NULL,NULL,NULL,NULL,NULL,NULL,NULL,NULL,32.12270932000000,35.40733915000000,'Ad',NULL,'','2017-01-02 14:46:30'),('368','60','151385','','Majdal Bani Fadil','200',1,'',300,0,0,0,NULL,NULL,NULL,NULL,NULL,NULL,NULL,NULL,NULL,NULL,NULL,NULL,32.08324527000000,35.36417251000000,'Ad',NULL,'','2017-01-02 14:46:30'),('37','10','999883','','Jabal Al Deek','300',2,'',250,0,0,0,NULL,NULL,NULL,NULL,NULL,NULL,NULL,NULL,NULL,NULL,NULL,NULL,31.71293417000000,35.22653927000000,'Ad',NULL,'','2017-01-02 14:46:30'),('370','60','151265','','Osarin','200',1,'',10,0,0,0,NULL,NULL,NULL,NULL,NULL,NULL,NULL,NULL,NULL,NULL,NULL,NULL,32.12606371000000,35.31028213000000,'Ad',NULL,'','2017-01-02 14:46:30'),('371','60','151410','','Qaryut','200',1,'',180,0,0,0,NULL,NULL,NULL,NULL,NULL,NULL,NULL,NULL,NULL,NULL,NULL,NULL,32.06920740000000,35.29753109000000,'Ad',NULL,'','2017-01-02 14:46:30'),('372','60','151365','','Qusra','200',1,'',436,0,0,0,NULL,NULL,NULL,NULL,NULL,NULL,NULL,NULL,NULL,NULL,NULL,NULL,32.08638194000000,35.33065896000000,'Ad',NULL,'','2017-01-02 14:46:30'),('373','60','151010','','Rujeib','200',1,'',350,0,0,0,NULL,NULL,NULL,NULL,NULL,NULL,NULL,NULL,NULL,NULL,NULL,NULL,32.19304240000000,35.29335458000000,'Ad',NULL,'','2017-01-02 14:46:30'),('374','60','150765','','Sabastiya','300',1,'',200,0,0,0,NULL,NULL,NULL,NULL,NULL,NULL,NULL,NULL,NULL,NULL,NULL,NULL,32.27562492000000,35.19781641000000,'Ad',NULL,'','2017-01-02 14:46:30'),('375','60','999927','','Sahel Deir Sharaf (\'Arab De\'is)','100',1,'',10,0,0,0,NULL,NULL,NULL,NULL,NULL,NULL,NULL,NULL,NULL,NULL,NULL,NULL,32.25796419000000,35.16343896000000,'Ad',NULL,'','2017-01-02 14:46:30'),('376','60','150955','','Salim','200',1,'',600,0,0,0,NULL,NULL,NULL,NULL,NULL,NULL,NULL,NULL,NULL,NULL,NULL,NULL,32.20948638000000,35.32977894000000,'Ad',NULL,'','2017-01-02 14:46:30'),('377','60','999997','','Samaritan Village','200',1,'',60,0,0,0,NULL,NULL,NULL,NULL,NULL,NULL,NULL,NULL,NULL,NULL,NULL,NULL,32.20341117000000,35.26973372000000,'Ad',NULL,'','2017-01-02 14:46:30'),('378','60','150950','','Sarra','200',1,'',170,0,0,0,NULL,NULL,NULL,NULL,NULL,NULL,NULL,NULL,NULL,NULL,NULL,NULL,32.21045196000000,35.18995740000000,'Ad',NULL,'','2017-01-02 14:46:30'),('379','60','151311','','Tell al Khashaba','100',3,'',250,0,0,0,NULL,NULL,NULL,NULL,NULL,NULL,NULL,NULL,NULL,NULL,NULL,NULL,32.10560485000000,35.36750767000000,'Ad',NULL,'','2017-01-02 14:46:30'),('38','10','999765','','Jabal Harasah','300',3,'',400,0,0,0,NULL,NULL,NULL,NULL,NULL,NULL,NULL,NULL,NULL,NULL,NULL,NULL,31.70281877000000,35.24304845000000,'Ad',NULL,'','2017-01-02 14:46:30'),('380','60','151200','','Yanun','200',3,'',40,0,0,0,NULL,NULL,NULL,NULL,NULL,NULL,NULL,NULL,NULL,NULL,NULL,NULL,32.15864472000000,35.35963240000000,'Ad',NULL,'','2017-01-02 14:46:30'),('381','60','151325','','Yatma','200',1,'',553,0,0,0,NULL,NULL,NULL,NULL,NULL,NULL,NULL,NULL,NULL,NULL,NULL,NULL,32.10854019000000,35.27121511000000,'Ad',NULL,'','2017-01-02 14:46:30'),('382','60','150835','','Zawata','200',1,'',80,0,0,0,NULL,NULL,NULL,NULL,NULL,NULL,NULL,NULL,NULL,NULL,NULL,NULL,32.24029872000000,35.21923599000000,'Ad',NULL,'','2017-01-02 14:46:30'),('383','70','201170','','Ad Dab\'a','200',3,'',380,0,0,0,NULL,NULL,NULL,NULL,NULL,NULL,NULL,NULL,NULL,NULL,NULL,NULL,32.15831099000000,35.00964217000000,'Ad',NULL,'','2017-01-02 14:46:30'),('384','70','201035','','Al Funduq','200',2,'',350,0,0,0,NULL,NULL,NULL,NULL,NULL,NULL,NULL,NULL,NULL,NULL,NULL,NULL,32.18948531000000,35.13367405000000,'Ad',NULL,'','2017-01-02 14:46:30'),('385','70','201205','','Al Mudawwar','200',1,'',8,0,0,0,NULL,NULL,NULL,NULL,NULL,NULL,NULL,NULL,NULL,NULL,NULL,NULL,32.14317853000000,35.01171143000000,'Ad',NULL,'','2017-01-02 14:46:30'),('386','70','201055','','An Nabi Elyas','200',1,'',500,0,0,0,NULL,NULL,NULL,NULL,NULL,NULL,NULL,NULL,NULL,NULL,NULL,NULL,32.18434757000000,35.01834969000000,'Ad',NULL,'','2017-01-02 14:46:30'),('387','70','201070','','Arab Abu Farda','100',3,'',90,0,0,0,NULL,NULL,NULL,NULL,NULL,NULL,NULL,NULL,NULL,NULL,NULL,NULL,32.17665003000000,34.99374452000000,'Ad',NULL,'','2017-01-02 14:46:30'),('388','70','201105','','Arab ar Ramadin al Janubi','100',3,'',320,0,0,0,NULL,NULL,NULL,NULL,NULL,NULL,NULL,NULL,NULL,NULL,NULL,NULL,32.17422580000000,34.98850488000000,'Ad',NULL,'','2017-01-02 14:46:30'),('389','70','201005','','Arab ar Ramadin ash Shamali','600',3,'',200,0,0,0,NULL,NULL,NULL,NULL,NULL,NULL,NULL,NULL,NULL,NULL,NULL,NULL,32.19403638000000,35.00028814000000,'Ad',NULL,'','2017-01-02 14:46:30'),('39','20','999762','','Al Mashareqa Altahta','300',3,'',7000,0,0,0,NULL,NULL,NULL,NULL,NULL,NULL,NULL,NULL,NULL,NULL,NULL,NULL,31.51106498000000,35.10855078000000,'Ad',NULL,'','2017-01-02 14:46:30'),('390','70','201100','','Azzun','300',1,'',825,0,0,0,NULL,NULL,NULL,NULL,NULL,NULL,NULL,NULL,NULL,NULL,NULL,NULL,32.17643960000000,35.05806554000000,'Ad',NULL,'','2017-01-02 14:46:30'),('391','70','201280','','Azzun \'Atma','200',1,'',360,0,0,0,NULL,NULL,NULL,NULL,NULL,NULL,NULL,NULL,NULL,NULL,NULL,NULL,32.12266334000000,35.01727623000000,'Ad',NULL,'','2017-01-02 14:46:30'),('392','70','200965','','Baqat al Hatab','200',1,'',60,0,0,0,NULL,NULL,NULL,NULL,NULL,NULL,NULL,NULL,NULL,NULL,NULL,NULL,32.20462579000000,35.11373041000000,'Ad',NULL,'','2017-01-02 14:46:30'),('393','70','201255','','Beit Amin','200',1,'',25,0,0,0,NULL,NULL,NULL,NULL,NULL,NULL,NULL,NULL,NULL,NULL,NULL,NULL,32.13166376000000,35.02083744000000,'Ad',NULL,'','2017-01-02 14:46:30'),('394','70','200905','','Falamya','200',1,'',120,0,0,0,NULL,NULL,NULL,NULL,NULL,NULL,NULL,NULL,NULL,NULL,NULL,NULL,32.22566720000000,35.02332304000000,'Ad',NULL,'','2017-01-02 14:46:30'),('395','70','201125','','Habla','300',1,'',600,0,0,0,NULL,NULL,NULL,NULL,NULL,NULL,NULL,NULL,NULL,NULL,NULL,NULL,32.16516137000000,34.97814106000000,'Ad',NULL,'','2017-01-02 14:46:30'),('396','70','200970','','Hajja','200',1,'',600,0,0,0,NULL,NULL,NULL,NULL,NULL,NULL,NULL,NULL,NULL,NULL,NULL,NULL,32.20236219000000,35.13130354000000,'Ad',NULL,'','2017-01-02 14:46:30'),('397','70','201020','','Immatin','200',1,'',66,0,0,0,NULL,NULL,NULL,NULL,NULL,NULL,NULL,NULL,NULL,NULL,NULL,NULL,32.19132456000000,35.15779726000000,'Ad',NULL,'','2017-01-02 14:46:30'),('398','70','201115','','Isla','200',1,'',200,0,0,0,NULL,NULL,NULL,NULL,NULL,NULL,NULL,NULL,NULL,NULL,NULL,NULL,32.17232758000000,35.03699490000000,'Ad',NULL,'','2017-01-02 14:46:30'),('399','70','201225','','Izbat al Ashqar','200',1,'',70,0,0,0,NULL,NULL,NULL,NULL,NULL,NULL,NULL,NULL,NULL,NULL,NULL,NULL,32.14023415000000,35.02007631000000,'Ad',NULL,'','2017-01-02 14:46:30'),('4','60','999785','','Al Ja\'waneh','100',3,'',39,0,0,0,NULL,NULL,NULL,NULL,NULL,NULL,NULL,NULL,NULL,NULL,NULL,NULL,32.18130363000000,35.39195123000000,'Ad',NULL,'','2017-01-02 14:46:30'),('40','20','999761','','Jurat al Khiel','100',3,'',70,0,0,0,NULL,NULL,NULL,NULL,NULL,NULL,NULL,NULL,NULL,NULL,NULL,NULL,31.59153406000000,35.17905257000000,'Ad',NULL,'','2017-01-02 14:46:30'),('400','70','201075','','Izbat at Tabib','600',3,'',280,0,0,0,NULL,NULL,NULL,NULL,NULL,NULL,NULL,NULL,NULL,NULL,NULL,NULL,32.18133704000000,35.03437045000000,'Ad',NULL,'','2017-01-02 14:46:30'),('401','70','201190','','Izbat Jal\'ud','100',3,'',225,0,0,0,NULL,NULL,NULL,NULL,NULL,NULL,NULL,NULL,NULL,NULL,NULL,NULL,32.15037193000000,34.99849163000000,'Ad',NULL,'','2017-01-02 14:46:30'),('402','70','201210','','Izbat Salman','200',1,'',380,0,0,0,NULL,NULL,NULL,NULL,NULL,NULL,NULL,NULL,NULL,NULL,NULL,NULL,32.14125448000000,34.99963593000000,'Ad',NULL,'','2017-01-02 14:46:30'),('403','70','201085','','Jinsafut','200',1,'',321,0,0,0,NULL,NULL,NULL,NULL,NULL,NULL,NULL,NULL,NULL,NULL,NULL,NULL,32.17952351000000,35.13083505000000,'Ad',NULL,'','2017-01-02 14:46:30'),('404','70','200945','','Jit','200',1,'',360,0,0,0,NULL,NULL,NULL,NULL,NULL,NULL,NULL,NULL,NULL,NULL,NULL,NULL,32.21417199000000,35.17035659000000,'Ad',NULL,'','2017-01-02 14:46:30'),('405','70','201065','','Kafr Laqif','200',1,'',3,0,0,0,NULL,NULL,NULL,NULL,NULL,NULL,NULL,NULL,NULL,NULL,NULL,NULL,32.18163420000000,35.09105421000000,'Ad',NULL,'','2017-01-02 14:46:30'),('406','70','200925','','Kafr Qaddum','200',1,'',48,0,0,0,NULL,NULL,NULL,NULL,NULL,NULL,NULL,NULL,NULL,NULL,NULL,NULL,32.22104011000000,35.14434676000000,'Ad',NULL,'','2017-01-02 14:46:30'),('407','70','201175','','Kafr Thulth','300',1,'',205,0,0,0,NULL,NULL,NULL,NULL,NULL,NULL,NULL,NULL,NULL,NULL,NULL,NULL,32.15286270000000,35.04641965000000,'Ad',NULL,'','2017-01-02 14:46:30'),('409','70','201040','','Qalqiliya','300',1,'',2000,0,0,0,NULL,NULL,NULL,NULL,NULL,NULL,NULL,NULL,NULL,NULL,NULL,NULL,32.18839558000000,34.97227345000000,'Ad',NULL,'','2017-01-02 14:46:30'),('41','10','452208','','Khallet Hammameh','300',1,'',50,0,0,0,NULL,NULL,NULL,NULL,NULL,NULL,NULL,NULL,NULL,NULL,NULL,NULL,31.72114405000000,35.19423847000000,'Ad',NULL,'','2017-01-02 14:46:30'),('410','70','201130','','Ras at Tira','200',1,'',100,0,0,0,NULL,NULL,NULL,NULL,NULL,NULL,NULL,NULL,NULL,NULL,NULL,NULL,32.16191012000000,35.01026284000000,'Ad',NULL,'','2017-01-02 14:46:30'),('411','70','201155','','Ras \'Atiya','200',1,'',185,0,0,0,NULL,NULL,NULL,NULL,NULL,NULL,NULL,NULL,NULL,NULL,NULL,NULL,32.15868248000000,34.98995926000000,'Ad',NULL,'','2017-01-02 14:46:30'),('412','70','201260','','Sanniriya','200',1,'',500,0,0,0,NULL,NULL,NULL,NULL,NULL,NULL,NULL,NULL,NULL,NULL,NULL,NULL,32.12857912000000,35.04731184000000,'Ad',NULL,'','2017-01-02 14:46:30'),('413','70','201120','','Wadi ar Rasha','200',3,'',200,0,0,0,NULL,NULL,NULL,NULL,NULL,NULL,NULL,NULL,NULL,NULL,NULL,NULL,32.16718915000000,34.99616270000000,'Ad',NULL,'','2017-01-02 14:46:30'),('414','80','301535','','Abud','200',1,'',155,0,0,0,NULL,NULL,NULL,NULL,NULL,NULL,NULL,NULL,NULL,NULL,NULL,NULL,32.01669589000000,35.06864902000000,'Ad',NULL,'','2017-01-02 14:46:30'),('415','80','301790','','Al Bireh','300',1,'',18000,0,0,0,NULL,NULL,NULL,NULL,NULL,NULL,NULL,NULL,NULL,NULL,NULL,NULL,31.90603601000000,35.21370364000000,'Ad',NULL,'','2017-01-02 14:46:30'),('416','80','301700','','Al Jalazun Camp','500',1,'',2200,0,0,0,NULL,NULL,NULL,NULL,NULL,NULL,NULL,NULL,NULL,NULL,NULL,NULL,31.95018450000000,35.21269243000000,'Ad',NULL,'','2017-01-02 14:46:30'),('417','80','301740','','Al Janiya','200',1,'',80,0,0,0,NULL,NULL,NULL,NULL,NULL,NULL,NULL,NULL,NULL,NULL,NULL,NULL,31.93827926000000,35.12087969000000,'Ad',NULL,'','2017-01-02 14:46:30'),('418','80','301495','','Al Lubban al Gharbi','200',1,'',290,0,0,0,NULL,NULL,NULL,NULL,NULL,NULL,NULL,NULL,NULL,NULL,NULL,NULL,32.03494528000000,35.03924760000000,'Ad',NULL,'','2017-01-02 14:46:30'),('419','80','301745','','Al Midya','200',2,'',955,0,0,0,NULL,NULL,NULL,NULL,NULL,NULL,NULL,NULL,NULL,NULL,NULL,NULL,31.93596168000000,35.00411115000000,'Ad',NULL,'','2017-01-02 14:46:30'),('42','20','999763','','Qezoun','300',3,'',1000,0,0,0,NULL,NULL,NULL,NULL,NULL,NULL,NULL,NULL,NULL,NULL,NULL,NULL,31.55986261000000,35.10446186000000,'Ad',NULL,'','2017-01-02 14:46:30'),('420','80','301530','','Al Mughayyir','200',1,'',163,0,0,0,NULL,NULL,NULL,NULL,NULL,NULL,NULL,NULL,NULL,NULL,NULL,NULL,32.01869356000000,35.34467040000000,'Ad',NULL,'','2017-01-02 14:46:30'),('421','80','301540','','An Nabi Salih','200',1,'',74,0,0,0,NULL,NULL,NULL,NULL,NULL,NULL,NULL,NULL,NULL,NULL,NULL,NULL,32.01637614000000,35.12454248000000,'Ad',NULL,'','2017-01-02 14:46:30'),('422','80','301890','','At Tira','200',1,'',180,0,0,0,NULL,NULL,NULL,NULL,NULL,NULL,NULL,NULL,NULL,NULL,NULL,NULL,31.87046460000000,35.12574961000000,'Ad',NULL,'','2017-01-02 14:46:30'),('423','80','301565','','Atara','200',1,'',30,0,0,0,NULL,NULL,NULL,NULL,NULL,NULL,NULL,NULL,NULL,NULL,NULL,NULL,31.99953050000000,35.20368700000000,'Ad',NULL,'','2017-01-02 14:46:30'),('424','80','301895','','Beit Liqya','200',1,'',769,0,0,0,NULL,NULL,NULL,NULL,NULL,NULL,NULL,NULL,NULL,NULL,NULL,NULL,31.86973127000000,35.06538950000000,'Ad',NULL,'','2017-01-02 14:46:30'),('425','80','301925','','Al Karameh (Beit Nuba)','200',3,'',222,0,0,0,NULL,NULL,NULL,NULL,NULL,NULL,NULL,NULL,NULL,NULL,NULL,NULL,31.85917764000000,35.04422432000000,'Ad',NULL,'','2017-01-02 14:46:30'),('426','80','301850','','Beit Sira','200',1,'',382,0,0,0,NULL,NULL,NULL,NULL,NULL,NULL,NULL,NULL,NULL,NULL,NULL,NULL,31.88791171000000,35.04637877000000,'Ad',NULL,'','2017-01-02 14:46:30'),('427','80','301860','','Beit \'Ur al Fauqa','200',1,'',148,0,0,0,NULL,NULL,NULL,NULL,NULL,NULL,NULL,NULL,NULL,NULL,NULL,NULL,31.88495941000000,35.11543720000000,'Ad',NULL,'','2017-01-02 14:46:30'),('428','80','301820','','Beit \'Ur at Tahta','200',1,'',215,0,0,0,NULL,NULL,NULL,NULL,NULL,NULL,NULL,NULL,NULL,NULL,NULL,NULL,31.89592328000000,35.07978840000000,'Ad',NULL,'','2017-01-02 14:46:30'),('429','80','301620','','Beitillu','200',1,'',580,0,0,0,NULL,NULL,NULL,NULL,NULL,NULL,NULL,NULL,NULL,NULL,NULL,NULL,31.97422566000000,35.11930590000000,'Ad',NULL,'','2017-01-02 14:46:30'),('43','10','452425','','Abu Nujeim','200',1,'',80,0,0,0,NULL,NULL,NULL,NULL,NULL,NULL,NULL,NULL,NULL,NULL,NULL,NULL,31.66243103000000,35.19909979000000,'Ad',NULL,'','2017-01-02 14:46:30'),('430','80','301765','','Beitin','200',1,'',240,0,0,0,NULL,NULL,NULL,NULL,NULL,NULL,NULL,NULL,NULL,NULL,NULL,NULL,31.92803690000000,35.23987624000000,'Ad',NULL,'','2017-01-02 14:46:30'),('431','80','301825','','Beituniya','300',1,'',500,0,0,0,NULL,NULL,NULL,NULL,NULL,NULL,NULL,NULL,NULL,NULL,NULL,NULL,31.89707908000000,35.17118796000000,'Ad',NULL,'','2017-01-02 14:46:30'),('432','80','301665','','Budrus','200',1,'',300,0,0,0,NULL,NULL,NULL,NULL,NULL,NULL,NULL,NULL,NULL,NULL,NULL,NULL,31.96651260000000,34.99338999000000,'Ad',NULL,'','2017-01-02 14:46:30'),('433','80','301815','','Burqa','200',1,'',250,0,0,0,NULL,NULL,NULL,NULL,NULL,NULL,NULL,NULL,NULL,NULL,NULL,NULL,31.89682808000000,35.25394741000000,'Ad',NULL,'','2017-01-02 14:46:30'),('434','80','999850','','Dar Faza\'a','100',3,'',156,0,0,0,NULL,NULL,NULL,NULL,NULL,NULL,NULL,NULL,NULL,NULL,NULL,NULL,31.91855495000000,35.32127816000000,'Ad',NULL,'','2017-01-02 14:46:30'),('435','80','301660','','Deir \'Ammar Camp','200',1,'',100,0,0,0,NULL,NULL,NULL,NULL,NULL,NULL,NULL,NULL,NULL,NULL,NULL,NULL,31.96628263000000,35.09897428000000,'Ad',NULL,'','2017-01-02 14:46:30'),('436','80','301785','','Deir Dibwan','200',1,'',129,0,0,0,NULL,NULL,NULL,NULL,NULL,NULL,NULL,NULL,NULL,NULL,NULL,NULL,31.91092549000000,35.26723097000000,'Ad',NULL,'','2017-01-02 14:46:30'),('437','80','301780','','Deir Ibzi\'','200',1,'',160,0,0,0,NULL,NULL,NULL,NULL,NULL,NULL,NULL,NULL,NULL,NULL,NULL,NULL,31.91705813000000,35.12177074000000,'Ad',NULL,'','2017-01-02 14:46:30'),('438','80','301650','','Deir Jarir','200',1,'',50,0,0,0,NULL,NULL,NULL,NULL,NULL,NULL,NULL,NULL,NULL,NULL,NULL,NULL,31.96572629000000,35.29303015000000,'Ad',NULL,'','2017-01-02 14:46:30'),('439','80','301560','','Deir Nidham','200',1,'',231,0,0,0,NULL,NULL,NULL,NULL,NULL,NULL,NULL,NULL,NULL,NULL,NULL,NULL,32.00321916000000,35.11410628000000,'Ad',NULL,'','2017-01-02 14:46:30'),('44','10','999958','','Al Walayda','100',3,'',75,0,0,0,NULL,NULL,NULL,NULL,NULL,NULL,NULL,NULL,NULL,NULL,NULL,NULL,31.56044178000000,35.24127374000000,'Ad',NULL,'','2017-01-02 14:46:30'),('440','80','999918','','Deir Nidham Bedouins - Al Hossa','100',3,'',84,0,0,0,NULL,NULL,NULL,NULL,NULL,NULL,NULL,NULL,NULL,NULL,NULL,NULL,32.00275608000000,35.10236479000000,'Ad',NULL,'','2017-01-02 14:46:30'),('441','80','301710','','Deir Qaddis','200',1,'',250,0,0,0,NULL,NULL,NULL,NULL,NULL,NULL,NULL,NULL,NULL,NULL,NULL,NULL,31.94825044000000,35.04337164000000,'Ad',NULL,'','2017-01-02 14:46:30'),('442','80','301680','','Dura al Qar\'a','200',1,'',750,0,0,0,NULL,NULL,NULL,NULL,NULL,NULL,NULL,NULL,NULL,NULL,NULL,NULL,31.95876677000000,35.22829726000000,'Ad',NULL,'','2017-01-02 14:46:30'),('443','80','301800','','Ein \'Arik','200',1,'',500,0,0,0,NULL,NULL,NULL,NULL,NULL,NULL,NULL,NULL,NULL,NULL,NULL,NULL,31.90669346000000,35.14264408000000,'Ad',NULL,'','2017-01-02 14:46:30'),('444','80','301770','','Ein Qiniya','200',1,'',154,0,0,0,NULL,NULL,NULL,NULL,NULL,NULL,NULL,NULL,NULL,NULL,NULL,NULL,31.92657342000000,35.14963674000000,'Ad',NULL,'','2017-01-02 14:46:30'),('445','80','999917','','Ein Qiniya Bedouins - Wadi ad Dulum','100',2,'',50,0,0,0,NULL,NULL,NULL,NULL,NULL,NULL,NULL,NULL,NULL,NULL,NULL,NULL,31.93149110000000,35.15849271000000,'Ad',NULL,'','2017-01-02 14:46:30'),('446','80','301580','','Ein Samiya','100',3,'',172,0,0,0,NULL,NULL,NULL,NULL,NULL,NULL,NULL,NULL,NULL,NULL,NULL,NULL,31.97763829000000,35.34120364000000,'Ad',NULL,'','2017-01-02 14:46:30'),('447','80','301720','','Ein Yabrud','200',1,'',800,0,0,0,NULL,NULL,NULL,NULL,NULL,NULL,NULL,NULL,NULL,NULL,NULL,NULL,31.94854939000000,35.25011466000000,'Ad',NULL,'','2017-01-02 14:46:30'),('448','80','301590','','Kafr Malik','200',1,'',55,0,0,0,NULL,NULL,NULL,NULL,NULL,NULL,NULL,NULL,NULL,NULL,NULL,NULL,31.98786617000000,35.31195851000000,'Ad',NULL,'','2017-01-02 14:46:30'),('449','80','301855','','Kharbatha al Misbah','200',1,'',350,0,0,0,NULL,NULL,NULL,NULL,NULL,NULL,NULL,NULL,NULL,NULL,NULL,NULL,31.88522187000000,35.07224112000000,'Ad',NULL,'','2017-01-02 14:46:30'),('45','10','452365','','Al \'Asakira','200',1,'',130,0,0,0,NULL,NULL,NULL,NULL,NULL,NULL,NULL,NULL,NULL,NULL,NULL,NULL,31.67069271000000,35.22618806000000,'Ad',NULL,'','2017-01-02 14:46:30'),('450','80','301725','','Kharbatha Bani Harith','200',1,'',300,0,0,0,NULL,NULL,NULL,NULL,NULL,NULL,NULL,NULL,NULL,NULL,NULL,NULL,31.94524357000000,35.07244970000000,'Ad',NULL,'','2017-01-02 14:46:30'),('451','80','999963','','Kobar Bedouins','100',3,'',31,0,0,0,NULL,NULL,NULL,NULL,NULL,NULL,NULL,NULL,NULL,NULL,NULL,NULL,31.98337947000000,35.14753518000000,'Ad',NULL,'','2017-01-02 14:46:30'),('452','80','999968','','Maghayer ad Deir','100',3,'',153,0,0,0,NULL,NULL,NULL,NULL,NULL,NULL,NULL,NULL,NULL,NULL,NULL,NULL,31.88755887000000,35.32164502000000,'Ad',NULL,'','2017-01-02 14:46:30'),('453','80','301775','','Al Mu\'arrajat Centre','100',3,'',145,0,0,0,NULL,NULL,NULL,NULL,NULL,NULL,NULL,NULL,NULL,NULL,NULL,NULL,31.91262719000000,35.35075368000000,'Ad',NULL,'','2017-01-02 14:46:30'),('454','40','999907','','Al Mu\'arrajat East','100',3,'',372,0,0,0,NULL,NULL,NULL,NULL,NULL,NULL,NULL,NULL,NULL,NULL,NULL,NULL,31.91757455000000,35.39877033000000,'Ad',NULL,'','2017-01-02 14:46:30'),('455','80','301715','','Ni\'lin','200',1,'',500,0,0,0,NULL,NULL,NULL,NULL,NULL,NULL,NULL,NULL,NULL,NULL,NULL,NULL,31.94730284000000,35.02110458000000,'Ad',NULL,'','2017-01-02 14:46:30'),('456','80','301605','','Qibya','200',1,'',1500,0,0,0,NULL,NULL,NULL,NULL,NULL,NULL,NULL,NULL,NULL,NULL,NULL,NULL,31.97670321000000,35.00974281000000,'Ad',NULL,'','2017-01-02 14:46:30'),('457','80','301810','','Ramallah','300',1,'',165,0,0,0,NULL,NULL,NULL,NULL,NULL,NULL,NULL,NULL,NULL,NULL,NULL,NULL,31.90457068000000,35.19335376000000,'Ad',NULL,'','2017-01-02 14:46:30'),('458','80','301515','','Rantis','200',1,'',116,0,0,0,NULL,NULL,NULL,NULL,NULL,NULL,NULL,NULL,NULL,NULL,NULL,NULL,32.02906520000000,35.01854535000000,'Ad',NULL,'','2017-01-02 14:46:30'),('459','80','999852','','Ras al Tin','100',3,'',240,0,0,0,NULL,NULL,NULL,NULL,NULL,NULL,NULL,NULL,NULL,NULL,NULL,NULL,31.98965226000000,35.37310201000000,'Ad',NULL,'','2017-01-02 14:46:30'),('46','10','452380','','Al Beida','200',1,'',120,0,0,0,NULL,NULL,NULL,NULL,NULL,NULL,NULL,NULL,NULL,NULL,NULL,NULL,31.66957808000000,35.18167076000000,'Ad',NULL,'','2017-01-02 14:46:30'),('460','80','301730','','Ras Karkar','200',1,'',511,0,0,0,NULL,NULL,NULL,NULL,NULL,NULL,NULL,NULL,NULL,NULL,NULL,NULL,31.94245737000000,35.10722876000000,'Ad',NULL,'','2017-01-02 14:46:30'),('461','80','301805','','Saffa','200',1,'',500,0,0,0,NULL,NULL,NULL,NULL,NULL,NULL,NULL,NULL,NULL,NULL,NULL,NULL,31.90468702000000,35.06179000000000,'Ad',NULL,'','2017-01-02 14:46:30'),('462','80','301625','','Shabtin','200',1,'',50,0,0,0,NULL,NULL,NULL,NULL,NULL,NULL,NULL,NULL,NULL,NULL,NULL,NULL,31.97345668000000,35.04929386000000,'Ad',NULL,'','2017-01-02 14:46:30'),('463','80','301595','','Shuqba','200',1,'',695,0,0,0,NULL,NULL,NULL,NULL,NULL,NULL,NULL,NULL,NULL,NULL,NULL,NULL,31.98702854000000,35.04027625000000,'Ad',NULL,'','2017-01-02 14:46:30'),('464','80','301610','','Silwad','200',1,'',134,0,0,0,NULL,NULL,NULL,NULL,NULL,NULL,NULL,NULL,NULL,NULL,NULL,NULL,31.97790126000000,35.26106943000000,'Ad',NULL,'','2017-01-02 14:46:30'),('465','80','301500','','Sinjil','200',1,'',700,0,0,0,NULL,NULL,NULL,NULL,NULL,NULL,NULL,NULL,NULL,NULL,NULL,NULL,32.03328855000000,35.26506110000000,'Ad',NULL,'','2017-01-02 14:46:30'),('466','80','301490','','Turmus\'ayya','200',1,'',65,0,0,0,NULL,NULL,NULL,NULL,NULL,NULL,NULL,NULL,NULL,NULL,NULL,NULL,32.03617447000000,35.28538102000000,'Ad',NULL,'','2017-01-02 14:46:30'),('467','80','301550','','Umm Safa','200',1,'',148,0,0,0,NULL,NULL,NULL,NULL,NULL,NULL,NULL,NULL,NULL,NULL,NULL,NULL,32.00882328000000,35.16525000000000,'Ad',NULL,'','2017-01-02 14:46:30'),('468','80','999877','','Wadi as Seeq','100',3,'',171,0,0,0,NULL,NULL,NULL,NULL,NULL,NULL,NULL,NULL,NULL,NULL,NULL,NULL,31.90113842000000,35.32503540000000,'Ad',NULL,'','2017-01-02 14:46:30'),('469','80','999916','','Wadi Salman','100',3,'',189,0,0,0,NULL,NULL,NULL,NULL,NULL,NULL,NULL,NULL,NULL,NULL,NULL,NULL,31.88000800000000,35.08825013000000,'Ad',NULL,'','2017-01-02 14:46:30'),('47','10','452375','','Al Fureidis','200',2,'',1000,0,0,0,NULL,NULL,NULL,NULL,NULL,NULL,NULL,NULL,NULL,NULL,NULL,NULL,31.67096630000000,35.23755736000000,'Ad',NULL,'','2017-01-02 14:46:30'),('470','80','301615','','Yabrud','200',1,'',50,0,0,0,NULL,NULL,NULL,NULL,NULL,NULL,NULL,NULL,NULL,NULL,NULL,NULL,31.97451441000000,35.24496395000000,'Ad',NULL,'','2017-01-02 14:46:30'),('471','90','999923','','Arab Al Khouleh','100',2,'',18,0,0,0,NULL,NULL,NULL,NULL,NULL,NULL,NULL,NULL,NULL,NULL,NULL,NULL,31.99086787000000,35.26058655000000,'Ad',NULL,'','2017-01-02 14:46:30'),('472','90','201116','','Arab Al Khouli/Wadi Kana','100',3,'',70,0,0,0,NULL,NULL,NULL,NULL,NULL,NULL,NULL,NULL,NULL,NULL,NULL,NULL,32.16171457000000,35.06816807000000,'Ad',NULL,'','2017-01-02 14:46:30'),('473','90','251360','','Az Zawiya','300',1,'',650,0,0,0,NULL,NULL,NULL,NULL,NULL,NULL,NULL,NULL,NULL,NULL,NULL,NULL,32.09644615000000,35.04079202000000,'Ad',NULL,'','2017-01-02 14:46:30'),('474','90','251305','','Biddya','300',1,'',3500,0,0,0,NULL,NULL,NULL,NULL,NULL,NULL,NULL,NULL,NULL,NULL,NULL,NULL,32.11447664000000,35.07950588000000,'Ad',NULL,'','2017-01-02 14:46:30'),('475','90','251400','','Bruqin','300',1,'',1300,0,0,0,NULL,NULL,NULL,NULL,NULL,NULL,NULL,NULL,NULL,NULL,NULL,NULL,32.07571435000000,35.10106488000000,'Ad',NULL,'','2017-01-02 14:46:30'),('476','90','251350','','Dar Abu Basal','100',3,'',2,0,0,0,NULL,NULL,NULL,NULL,NULL,NULL,NULL,NULL,NULL,NULL,NULL,NULL,32.11091787000000,35.13310841000000,'Ad',NULL,'','2017-01-02 14:46:30'),('477','90','251430','','Deir Ballut','300',1,'',675,0,0,0,NULL,NULL,NULL,NULL,NULL,NULL,NULL,NULL,NULL,NULL,NULL,NULL,32.06545559000000,35.02518058000000,'Ad',NULL,'','2017-01-02 14:46:30'),('478','90','251250','','Deir Istiya','300',1,'',22,0,0,0,NULL,NULL,NULL,NULL,NULL,NULL,NULL,NULL,NULL,NULL,NULL,NULL,32.13112934000000,35.13999500000000,'Ad',NULL,'','2017-01-02 14:46:30'),('479','90','251310','','Haris','200',1,'',400,0,0,0,NULL,NULL,NULL,NULL,NULL,NULL,NULL,NULL,NULL,NULL,NULL,NULL,32.11384600000000,35.14077362000000,'Ad',NULL,'','2017-01-02 14:46:30'),('48','10','452475','','Al Halqum','100',3,'',150,0,0,0,NULL,NULL,NULL,NULL,NULL,NULL,NULL,NULL,NULL,NULL,NULL,NULL,31.64744719000000,35.19770698000000,'Ad',NULL,'','2017-01-02 14:46:30'),('480','90','999922','','Iraq al Sakhra','100',3,'',31,0,0,0,NULL,NULL,NULL,NULL,NULL,NULL,NULL,NULL,NULL,NULL,NULL,NULL,32.07564340000000,35.13645960000000,'Ad',NULL,'','2017-01-02 14:46:30'),('481','90','251330','','Iskaka','200',1,'',50,0,0,0,NULL,NULL,NULL,NULL,NULL,NULL,NULL,NULL,NULL,NULL,NULL,NULL,32.10253573000000,35.22354886000000,'Ad',NULL,'','2017-01-02 14:46:30'),('482','90','251355','','Izbat Abu Adam','100',3,'',8,0,0,0,NULL,NULL,NULL,NULL,NULL,NULL,NULL,NULL,NULL,NULL,NULL,NULL,32.09411570000000,35.12323632000000,'Ad',NULL,'','2017-01-02 14:46:30'),('483','90','251425','','Kafr ad Dik','300',1,'',350,0,0,0,NULL,NULL,NULL,NULL,NULL,NULL,NULL,NULL,NULL,NULL,NULL,NULL,32.06756756000000,35.08252725000000,'Ad',NULL,'','2017-01-02 14:46:30'),('485','90','251295','','Kifl Haris','300',1,'',250,0,0,0,NULL,NULL,NULL,NULL,NULL,NULL,NULL,NULL,NULL,NULL,NULL,NULL,32.11838117000000,35.15635392000000,'Ad',NULL,'','2017-01-02 14:46:30'),('486','90','251300','','Marda','200',1,'',410,0,0,0,NULL,NULL,NULL,NULL,NULL,NULL,NULL,NULL,NULL,NULL,NULL,NULL,32.11408696000000,35.19485925000000,'Ad',NULL,'','2017-01-02 14:46:30'),('487','90','251320','','Mas-ha','200',1,'',1500,0,0,0,NULL,NULL,NULL,NULL,NULL,NULL,NULL,NULL,NULL,NULL,NULL,NULL,32.10765146000000,35.05007942000000,'Ad',NULL,'','2017-01-02 14:46:30'),('488','90','999921','','Muhaajir','100',3,'',58,0,0,0,NULL,NULL,NULL,NULL,NULL,NULL,NULL,NULL,NULL,NULL,NULL,NULL,32.08997919000000,35.16072750000000,'Ad',NULL,'','2017-01-02 14:46:30'),('489','90','251275','','Qarawat Bani Hassan','300',1,'',1500,0,0,0,NULL,NULL,NULL,NULL,NULL,NULL,NULL,NULL,NULL,NULL,NULL,NULL,32.12547467000000,35.10007719000000,'Ad',NULL,'','2017-01-02 14:46:30'),('49','10','452410','','Al \'Iqab','200',3,'',1800,0,0,0,NULL,NULL,NULL,NULL,NULL,NULL,NULL,NULL,NULL,NULL,NULL,NULL,31.66369600000000,35.23399849000000,'Ad',NULL,'','2017-01-02 14:46:30'),('490','90','251395','','Rafat','200',1,'',370,0,0,0,NULL,NULL,NULL,NULL,NULL,NULL,NULL,NULL,NULL,NULL,NULL,NULL,32.07849486000000,35.04374268000000,'Ad',NULL,'','2017-01-02 14:46:30'),('491','90','251340','','Sarta','200',1,'',250,0,0,0,NULL,NULL,NULL,NULL,NULL,NULL,NULL,NULL,NULL,NULL,NULL,NULL,32.10492407000000,35.09229882000000,'Ad',NULL,'','2017-01-02 14:46:30'),('492','90','999924','','Umm al Hamam','100',3,'',29,0,0,0,NULL,NULL,NULL,NULL,NULL,NULL,NULL,NULL,NULL,NULL,NULL,NULL,32.07614861000000,35.00598303000000,'Ad',NULL,'','2017-01-02 14:46:30'),('493','90','251150','','Wadi Qana','100',3,'',15,0,0,0,NULL,NULL,NULL,NULL,NULL,NULL,NULL,NULL,NULL,NULL,NULL,NULL,32.15858141000000,35.11120016000000,'Ad',NULL,'','2017-01-02 14:46:30'),('494','90','251315','','Yasuf','200',1,'',195,0,0,0,NULL,NULL,NULL,NULL,NULL,NULL,NULL,NULL,NULL,NULL,NULL,NULL,32.10754436000000,35.23662077000000,'Ad',NULL,'','2017-01-02 14:46:30'),('495','90','151285','','Za\'tara','200',3,'',95,0,0,0,NULL,NULL,NULL,NULL,NULL,NULL,NULL,NULL,NULL,NULL,NULL,NULL,32.12273809000000,35.25708791000000,'Ad',NULL,'','2017-01-02 14:46:30'),('496','100','50560','','Al \'Aqaba','200',3,'',235,0,0,0,NULL,NULL,NULL,NULL,NULL,NULL,NULL,NULL,NULL,NULL,NULL,NULL,32.33693771000000,35.41723916000000,'Ad',NULL,'','2017-01-02 14:46:30'),('497','100','999860','','Ad Deir','100',3,'',75,0,0,0,NULL,NULL,NULL,NULL,NULL,NULL,NULL,NULL,NULL,NULL,NULL,NULL,32.38068977000000,35.52878883000000,'Ad',NULL,'','2017-01-02 14:46:30'),('498','100','999844','','Al Farisiya- al Jubiya','100',3,'',40,0,0,0,NULL,NULL,NULL,NULL,NULL,NULL,NULL,NULL,NULL,NULL,NULL,NULL,32.36733470000000,35.52808695000000,'Ad',NULL,'','2017-01-02 14:46:30'),('499','100','999841','','Al Farisiya-al Zu\'bi','100',3,'',58,0,0,0,NULL,NULL,NULL,NULL,NULL,NULL,NULL,NULL,NULL,NULL,NULL,NULL,32.37131250000000,35.51617136000000,'Ad',NULL,'','2017-01-02 14:46:30'),('5','40','999793','','Al Mashru\' Bedouins','100',3,'',58,0,0,0,NULL,NULL,NULL,NULL,NULL,NULL,NULL,NULL,NULL,NULL,NULL,NULL,31.86964773000000,35.49951836000000,'Ad',NULL,'','2017-01-02 14:46:30'),('50','10','452270','','Al Khadr','300',1,'',2700,0,0,0,NULL,NULL,NULL,NULL,NULL,NULL,NULL,NULL,NULL,NULL,NULL,NULL,31.69432668000000,35.16904016000000,'Ad',NULL,'','2017-01-02 14:46:30'),('500','100','999842','','Al Farisiya-Ihmayyer','100',3,'',101,0,0,0,NULL,NULL,NULL,NULL,NULL,NULL,NULL,NULL,NULL,NULL,NULL,NULL,32.35744516000000,35.50884028000000,'Ad',NULL,'','2017-01-02 14:46:30'),('5001','50','999965','4343','Abu George Road Bedouins - Kassara','100',3,'Ola',161,100,0,100,'ds','sds','xcx','Ola','swe','dww','wewe','dwewe','sds','sdd','wew','dsds',31.80691864000000,35.30882726000000,'1','1','pms','2017-01-04 22:24:21'),('501','100','999843','','Al Farisiya-Khallet Khader','100',3,'',106,0,0,0,NULL,NULL,NULL,NULL,NULL,NULL,NULL,NULL,NULL,NULL,NULL,NULL,32.36029823000000,35.51879157000000,'Ad',NULL,'','2017-01-02 14:46:30'),('502','100','999840','','Al Farisiya-Nab\'a al Ghazal','100',3,'',49,0,0,0,NULL,NULL,NULL,NULL,NULL,NULL,NULL,NULL,NULL,NULL,NULL,NULL,32.34241031000000,35.51019625000000,'Ad',NULL,'','2017-01-02 14:46:30'),('503','100','50851','','Al Hadidiya','100',3,'',82,0,0,0,NULL,NULL,NULL,NULL,NULL,NULL,NULL,NULL,NULL,NULL,NULL,NULL,32.24753131000000,35.49692836000000,'Ad',NULL,'','2017-01-02 14:46:30'),('504','100','999901','','Al Qaffaf','100',3,'',29,0,0,0,NULL,NULL,NULL,NULL,NULL,NULL,NULL,NULL,NULL,NULL,NULL,NULL,32.39491013000000,35.49566162000000,'Ad',NULL,'','2017-01-02 14:46:30'),('505','100','50420','','Bardala','200',1,'',200,0,0,0,NULL,NULL,NULL,NULL,NULL,NULL,NULL,NULL,NULL,NULL,NULL,NULL,32.38652374000000,35.48036488000000,'Ad',NULL,'','2017-01-02 14:46:30'),('506','100','999895','','Ein al Hilwa','100',3,'',53,0,0,0,NULL,NULL,NULL,NULL,NULL,NULL,NULL,NULL,NULL,NULL,NULL,NULL,32.32473989000000,35.50296441000000,'Ad',NULL,'','2017-01-02 14:46:30'),('507','100','999846','','Ein al Hilwa - Um al Jmal','100',3,'',78,0,0,0,NULL,NULL,NULL,NULL,NULL,NULL,NULL,NULL,NULL,NULL,NULL,NULL,32.32956235000000,35.50250453000000,'Ad',NULL,'','2017-01-02 14:46:30'),('508','100','999845','','Ein al Hilwa - Wadi al Faw','100',3,'',128,0,0,0,NULL,NULL,NULL,NULL,NULL,NULL,NULL,NULL,NULL,NULL,NULL,NULL,32.31868424000000,35.49547927000000,'Ad',NULL,'','2017-01-02 14:46:30'),('509','100','50450','','Ein el Beida','200',1,'',40,0,0,0,NULL,NULL,NULL,NULL,NULL,NULL,NULL,NULL,NULL,NULL,NULL,NULL,32.38091000000000,35.50911251000000,'Ad',NULL,'','2017-01-02 14:46:30'),('510','100','999897','','Hammamat al Maleh - Al Meiteh','100',3,'',66,0,0,0,NULL,NULL,NULL,NULL,NULL,NULL,NULL,NULL,NULL,NULL,NULL,NULL,32.32624595000000,35.47207848000000,'Ad',NULL,'','2017-01-02 14:46:30'),('511','100','999839','','Hammamat al Maleh - Al Burj','100',3,'',47,0,0,0,NULL,NULL,NULL,NULL,NULL,NULL,NULL,NULL,NULL,NULL,NULL,NULL,32.32855584000000,35.45997235000000,'Ad',NULL,'','2017-01-02 14:46:30'),('512','100','999838','','Hammamat al Maleh','100',3,'',105,0,0,0,NULL,NULL,NULL,NULL,NULL,NULL,NULL,NULL,NULL,NULL,NULL,NULL,32.32906351000000,35.47868188000000,'Ad',NULL,'','2017-01-02 14:46:30'),('513','100','999813','','Humsa - Al Bqai\'a','100',3,'',62,0,0,0,NULL,NULL,NULL,NULL,NULL,NULL,NULL,NULL,NULL,NULL,NULL,NULL,32.22688467000000,35.49224041000000,'Ad',NULL,'','2017-01-02 14:46:30'),('514','100','50490','','Ibziq','100',3,'',176,0,0,0,NULL,NULL,NULL,NULL,NULL,NULL,NULL,NULL,NULL,NULL,NULL,NULL,32.37647493000000,35.40587736000000,'Ad',NULL,'','2017-01-02 14:46:30'),('515','100','50455','','Kardala','200',3,'',400,0,0,0,NULL,NULL,NULL,NULL,NULL,NULL,NULL,NULL,NULL,NULL,NULL,NULL,32.37926556000000,35.49287530000000,'Ad',NULL,'','2017-01-02 14:46:30'),('516','100','50720','','Khirbet ar Ras al Ahmar','100',3,'',216,0,0,0,NULL,NULL,NULL,NULL,NULL,NULL,NULL,NULL,NULL,NULL,NULL,NULL,32.26556261000000,35.45824505000000,'Ad',NULL,'','2017-01-02 14:46:30'),('517','100','50790','','Khirbet \'Atuf','200',1,'',62,0,0,0,NULL,NULL,NULL,NULL,NULL,NULL,NULL,NULL,NULL,NULL,NULL,NULL,32.26264014000000,35.43696833000000,'Ad',NULL,'','2017-01-02 14:46:30'),('518','100','999892','','Khirbet Samra','100',3,'',38,0,0,0,NULL,NULL,NULL,NULL,NULL,NULL,NULL,NULL,NULL,NULL,NULL,NULL,32.29377402000000,35.49176774000000,'Ad',NULL,'','2017-01-02 14:46:30'),('519','100','50470','','Khirbet Tell el Himma','100',3,'',98,0,0,0,NULL,NULL,NULL,NULL,NULL,NULL,NULL,NULL,NULL,NULL,NULL,NULL,32.37014081000000,35.49918382000000,'Ad',NULL,'','2017-01-02 14:46:30'),('52','10','452200','','Al Khas','200',1,'',110,0,0,0,NULL,NULL,NULL,NULL,NULL,NULL,NULL,NULL,NULL,NULL,NULL,NULL,31.71512612000000,35.25039959000000,'Ad',NULL,'','2017-01-02 14:46:30'),('520','100','50656','','Khirbet Yarza','100',3,'',86,0,0,0,NULL,NULL,NULL,NULL,NULL,NULL,NULL,NULL,NULL,NULL,NULL,NULL,32.30817490000000,35.43568486000000,'Ad',NULL,'','2017-01-02 14:46:30'),('521','100','999891','','Mak-hul','100',3,'',48,0,0,0,NULL,NULL,NULL,NULL,NULL,NULL,NULL,NULL,NULL,NULL,NULL,NULL,32.26777664000000,35.50269099000000,'Ad',NULL,'','2017-01-02 14:46:30'),('522','100','999912','','Umm al \'Obor','100',3,'',58,0,0,0,NULL,NULL,NULL,NULL,NULL,NULL,NULL,NULL,NULL,NULL,NULL,NULL,32.23470996000000,35.54770353000000,'Ad',NULL,'','2017-01-02 14:46:30'),('523','110','100250','','Akkaba','200',2,'',350,0,0,0,NULL,NULL,NULL,NULL,NULL,NULL,NULL,NULL,NULL,NULL,NULL,NULL,32.44896786000000,35.08151417000000,'Ad',NULL,'','2017-01-02 14:46:30'),('524','110','100715','','Al Haffasi','100',2,'',100,0,0,0,NULL,NULL,NULL,NULL,NULL,NULL,NULL,NULL,NULL,NULL,NULL,NULL,32.29199069000000,35.07468340000000,'Ad',NULL,'','2017-01-02 14:46:30'),('525','110','100545','','Al Jarushiya','200',1,'',100,0,0,0,NULL,NULL,NULL,NULL,NULL,NULL,NULL,NULL,NULL,NULL,NULL,NULL,32.34492293000000,35.05023743000000,'Ad',NULL,'','2017-01-02 14:46:30'),('526','110','100555','','Al Masqufa','200',2,'',300,0,0,0,NULL,NULL,NULL,NULL,NULL,NULL,NULL,NULL,NULL,NULL,NULL,NULL,32.33425865000000,35.05595270000000,'Ad',NULL,'','2017-01-02 14:46:30'),('527','110','100380','','An Nazla al Gharbiya','200',1,'',180,0,0,0,NULL,NULL,NULL,NULL,NULL,NULL,NULL,NULL,NULL,NULL,NULL,NULL,32.40179176000000,35.08224036000000,'Ad',NULL,'','2017-01-02 14:46:30'),('528','110','100355','','An Nazla al Wusta','200',1,'',150,0,0,0,NULL,NULL,NULL,NULL,NULL,NULL,NULL,NULL,NULL,NULL,NULL,NULL,32.41017512000000,35.09333906000000,'Ad',NULL,'','2017-01-02 14:46:30'),('529','110','100480','','Attil','200',1,'',1000,0,0,0,NULL,NULL,NULL,NULL,NULL,NULL,NULL,NULL,NULL,NULL,NULL,NULL,32.36948938000000,35.07221506000000,'Ad',NULL,'','2017-01-02 14:46:30'),('53','10','452535','','Al Maniya','300',2,'',760,0,0,0,NULL,NULL,NULL,NULL,NULL,NULL,NULL,NULL,NULL,NULL,NULL,NULL,31.62797796000000,35.21659697000000,'Ad',NULL,'','2017-01-02 14:46:30'),('530','110','100350','','Baqa ash Sharqiya','300',1,'',200,0,0,0,NULL,NULL,NULL,NULL,NULL,NULL,NULL,NULL,NULL,NULL,NULL,NULL,32.40934227000000,35.06921900000000,'Ad',NULL,'','2017-01-02 14:46:30'),('531','110','100530','','Deir al Ghusun','300',1,'',150,0,0,0,NULL,NULL,NULL,NULL,NULL,NULL,NULL,NULL,NULL,NULL,NULL,NULL,32.35277238000000,35.07603896000000,'Ad',NULL,'','2017-01-02 14:46:30'),('532','110','100640','','Dhinnaba','300',1,'',1750,0,0,0,NULL,NULL,NULL,NULL,NULL,NULL,NULL,NULL,NULL,NULL,NULL,NULL,32.31083984000000,35.04243446000000,'Ad',NULL,'','2017-01-02 14:46:30'),('533','110','100735','','Far\'un','200',1,'',400,0,0,0,NULL,NULL,NULL,NULL,NULL,NULL,NULL,NULL,NULL,NULL,NULL,NULL,32.28697442000000,35.02408875000000,'Ad',NULL,'','2017-01-02 14:46:30'),('534','110','100595','','Iktaba','200',1,'',1170,0,0,0,NULL,NULL,NULL,NULL,NULL,NULL,NULL,NULL,NULL,NULL,NULL,NULL,32.32693154000000,35.05618529000000,'Ad',NULL,'','2017-01-02 14:46:30'),('535','110','100725','','Izbat Shufa','200',2,'',800,0,0,0,NULL,NULL,NULL,NULL,NULL,NULL,NULL,NULL,NULL,NULL,NULL,NULL,32.28478752000000,35.04568027000000,'Ad',NULL,'','2017-01-02 14:46:30'),('536','110','100710','','Kafa','200',2,'',680,0,0,0,NULL,NULL,NULL,NULL,NULL,NULL,NULL,NULL,NULL,NULL,NULL,NULL,32.29390432000000,35.05029752000000,'Ad',NULL,'','2017-01-02 14:46:30'),('537','110','100900','','Kafr Jammal','200',1,'',40,0,0,0,NULL,NULL,NULL,NULL,NULL,NULL,NULL,NULL,NULL,NULL,NULL,NULL,32.22506530000000,35.04494100000000,'Ad',NULL,'','2017-01-02 14:46:30'),('538','110','100675','','Khirbet  at Tayyah','200',3,'',2700,0,0,0,NULL,NULL,NULL,NULL,NULL,NULL,NULL,NULL,NULL,NULL,NULL,NULL,32.29329444000000,35.04474131000000,'Ad',NULL,'','2017-01-02 14:46:30'),('539','110','999814','','Khirbet    al-Hamaam','100',3,'',80,0,0,0,NULL,NULL,NULL,NULL,NULL,NULL,NULL,NULL,NULL,NULL,NULL,NULL,32.41887873000000,35.12789168000000,'Ad',NULL,'','2017-01-02 14:46:30'),('54','10','452490','','Al Manshiya','200',2,'',300,0,0,0,NULL,NULL,NULL,NULL,NULL,NULL,NULL,NULL,NULL,NULL,NULL,NULL,31.64179266000000,35.19343644000000,'Ad',NULL,'','2017-01-02 14:46:30'),('540','110','100780','','Khirbet Jubara','200',3,'',400,0,0,0,NULL,NULL,NULL,NULL,NULL,NULL,NULL,NULL,NULL,NULL,NULL,NULL,32.26853479000000,35.04146875000000,'Ad',NULL,'','2017-01-02 14:46:30'),('542','110','100330','','Nazlat \'Isa','200',1,'',1500,0,0,0,NULL,NULL,NULL,NULL,NULL,NULL,NULL,NULL,NULL,NULL,NULL,NULL,32.41528620000000,35.05731332000000,'Ad',NULL,'','2017-01-02 14:46:30'),('543','110','100620','','Nur Shams Camp','500',1,'',900,0,0,0,NULL,NULL,NULL,NULL,NULL,NULL,NULL,NULL,NULL,NULL,NULL,NULL,32.31781124000000,35.05888037000000,'Ad',NULL,'','2017-01-02 14:46:30'),('544','110','100290','','Qaffin','300',1,'',1400,0,0,0,NULL,NULL,NULL,NULL,NULL,NULL,NULL,NULL,NULL,NULL,NULL,NULL,32.43212215000000,35.08291043000000,'Ad',NULL,'','2017-01-02 14:46:30'),('545','110','100760','','Shufa','200',1,'',400,0,0,0,NULL,NULL,NULL,NULL,NULL,NULL,NULL,NULL,NULL,NULL,NULL,NULL,32.27588028000000,35.08331948000000,'Ad',NULL,'','2017-01-02 14:46:30'),('546','110','100645','','Tulkarm','300',1,'',2475,0,0,0,NULL,NULL,NULL,NULL,NULL,NULL,NULL,NULL,NULL,NULL,NULL,NULL,32.31419998000000,35.03108395000000,'Ad',NULL,'','2017-01-02 14:46:30'),('547','110','100425','','Zeita','300',1,'',400,0,0,0,NULL,NULL,NULL,NULL,NULL,NULL,NULL,NULL,NULL,NULL,NULL,NULL,32.38450188000000,35.05602083000000,'Ad',NULL,'','2017-01-02 14:46:30'),('548','20','503265','','An Najada','600',3,'',950,0,0,0,NULL,NULL,NULL,NULL,NULL,NULL,NULL,NULL,NULL,NULL,NULL,NULL,31.40810914000000,35.21239063000000,'Ad',NULL,'','2017-01-02 14:46:30'),('549','20','503125','','Ad Deirat','200',3,'',1001,0,0,0,NULL,NULL,NULL,NULL,NULL,NULL,NULL,NULL,NULL,NULL,NULL,NULL,31.44346395000000,35.16228550000000,'Ad',NULL,'','2017-01-02 14:46:30'),('55','10','452440','','Al Ma\'sara','200',2,'',950,0,0,0,NULL,NULL,NULL,NULL,NULL,NULL,NULL,NULL,NULL,NULL,NULL,NULL,31.65428907000000,35.18060169000000,'Ad',NULL,'','2017-01-02 14:46:30'),('550','80','999771','','Ein Ayoub Bedouins','100',3,'',61,0,0,0,NULL,NULL,NULL,NULL,NULL,NULL,NULL,NULL,NULL,NULL,NULL,NULL,31.94993225000000,35.09298297000000,'Ad',NULL,'','2017-01-02 14:46:30'),('56','10','452180','','Al \'Ubeidiya','300',1,'',500,0,0,0,NULL,NULL,NULL,NULL,NULL,NULL,NULL,NULL,NULL,NULL,NULL,NULL,31.71960940000000,35.29620468000000,'Ad',NULL,'','2017-01-02 14:46:30'),('57','10','452170','','Al Walaja','200',2,'',2200,0,0,0,NULL,NULL,NULL,NULL,NULL,NULL,NULL,NULL,NULL,NULL,NULL,NULL,31.73043413000000,35.16336594000000,'Ad',NULL,'','2017-01-02 14:46:30'),('58','10','452715','','Ar Rawa\'in','100',3,'',350,0,0,0,NULL,NULL,NULL,NULL,NULL,NULL,NULL,NULL,NULL,NULL,NULL,NULL,31.53945286000000,35.25627184000000,'Ad',NULL,'','2017-01-02 14:46:30'),('59','10','452660','','Arab ar Rashayida','100',1,'',600,0,0,0,NULL,NULL,NULL,NULL,NULL,NULL,NULL,NULL,NULL,NULL,NULL,NULL,31.56834125000000,35.23433392000000,'Ad',NULL,'','2017-01-02 14:46:30'),('6','10','999790','','Al Kurshan','100',2,'',260,0,0,0,NULL,NULL,NULL,NULL,NULL,NULL,NULL,NULL,NULL,NULL,NULL,NULL,31.72464254000000,35.17926117000000,'Ad',NULL,'','2017-01-02 14:46:30'),('60','10','999849','','Arab ar Rashayida al Barriya','100',3,'',500,0,0,0,NULL,NULL,NULL,NULL,NULL,NULL,NULL,NULL,NULL,NULL,NULL,NULL,31.53326775000000,35.28842621000000,'Ad',NULL,'','2017-01-02 14:46:30'),('61','10','452175','','Battir','200',1,'',2500,0,0,0,NULL,NULL,NULL,NULL,NULL,NULL,NULL,NULL,NULL,NULL,NULL,NULL,31.71848039000000,35.14075924000000,'Ad',NULL,'','2017-01-02 14:46:30'),('62','10','452525','','Beit Fajjar','300',1,'',300,0,0,0,NULL,NULL,NULL,NULL,NULL,NULL,NULL,NULL,NULL,NULL,NULL,NULL,31.62476401000000,35.15454517000000,'Ad',NULL,'','2017-01-02 14:46:30'),('63','10','452210','','Beit Jala','300',1,'',1900,0,0,0,NULL,NULL,NULL,NULL,NULL,NULL,NULL,NULL,NULL,NULL,NULL,NULL,31.71374940000000,35.18426753000000,'Ad',NULL,'','2017-01-02 14:46:30'),('64','10','452335','','Beit Ta\'mir','200',1,'',900,0,0,0,NULL,NULL,NULL,NULL,NULL,NULL,NULL,NULL,NULL,NULL,NULL,NULL,31.67469792000000,35.24184165000000,'Ad',NULL,'','2017-01-02 14:46:30'),('65','10','452240','','Bethlehem','300',1,'',3000,0,0,0,NULL,NULL,NULL,NULL,NULL,NULL,NULL,NULL,NULL,NULL,NULL,NULL,31.70909629000000,35.20351983000000,'Ad',NULL,'','2017-01-02 14:46:30'),('66','10','452305','','Dhahrat an Nada','200',1,'',100,0,0,0,NULL,NULL,NULL,NULL,NULL,NULL,NULL,NULL,NULL,NULL,NULL,NULL,31.69085004000000,35.23434331000000,'Ad',NULL,'','2017-01-02 14:46:30'),('67','10','452295','','Fakht al Jul','200',3,'',200,0,0,0,NULL,NULL,NULL,NULL,NULL,NULL,NULL,NULL,NULL,NULL,NULL,NULL,31.69515194000000,35.25083826000000,'Ad',NULL,'','2017-01-02 14:46:30'),('68','10','452420','','Harmala','200',3,'',1000,0,0,0,NULL,NULL,NULL,NULL,NULL,NULL,NULL,NULL,NULL,NULL,NULL,NULL,31.66115398000000,35.22170948000000,'Ad',NULL,'','2017-01-02 14:46:30'),('69','10','452230','','Husan','200',1,'',2800,0,0,0,NULL,NULL,NULL,NULL,NULL,NULL,NULL,NULL,NULL,NULL,NULL,NULL,31.70858446000000,35.13508343000000,'Ad',NULL,'','2017-01-02 14:46:30'),('7','60','999789','','Arab al Ka\'abneh','100',3,'',28,0,0,0,NULL,NULL,NULL,NULL,NULL,NULL,NULL,NULL,NULL,NULL,NULL,NULL,32.05432313000000,35.37543194000000,'Ad',NULL,'','2017-01-02 14:46:30'),('70','10','452385','','Jannatah (Beit Falouh)','200',1,'',185,0,0,0,NULL,NULL,NULL,NULL,NULL,NULL,NULL,NULL,NULL,NULL,NULL,NULL,31.66853918000000,35.21847970000000,'Ad',NULL,'','2017-01-02 14:46:30'),('71','10','452405','','Jubbet adh Dhib','200',3,'',164,0,0,0,NULL,NULL,NULL,NULL,NULL,NULL,NULL,NULL,NULL,NULL,NULL,NULL,31.66356223000000,35.24784253000000,'Ad',NULL,'','2017-01-02 14:46:30'),('72','10','452460','','Jurat ash Sham\'a','200',2,'',539,0,0,0,NULL,NULL,NULL,NULL,NULL,NULL,NULL,NULL,NULL,NULL,NULL,NULL,31.65178786000000,35.17012898000000,'Ad',NULL,'','2017-01-02 14:46:30'),('73','10','452465','','Khallet \'Afana','100',3,'',90,0,0,0,NULL,NULL,NULL,NULL,NULL,NULL,NULL,NULL,NULL,NULL,NULL,NULL,31.64865771000000,35.14118059000000,'Ad',NULL,'','2017-01-02 14:46:30'),('74','10','452390','','Khallet al Balluta','200',3,'',70,0,0,0,NULL,NULL,NULL,NULL,NULL,NULL,NULL,NULL,NULL,NULL,NULL,NULL,31.67815619000000,35.13424439000000,'Ad',NULL,'','2017-01-02 14:46:30'),('75','10','452345','','Khallet al Louza','300',1,'',100,0,0,0,NULL,NULL,NULL,NULL,NULL,NULL,NULL,NULL,NULL,NULL,NULL,NULL,31.67360608000000,35.20116436000000,'Ad',NULL,'','2017-01-02 14:46:30'),('76','10','452395','','Khallet al Qaranin','200',1,'',80,0,0,0,NULL,NULL,NULL,NULL,NULL,NULL,NULL,NULL,NULL,NULL,NULL,NULL,31.66195858000000,35.21257334000000,'Ad',NULL,'','2017-01-02 14:46:30'),('77','10','452190','','Khallet an Nu\'man','200',2,'',250,0,0,0,NULL,NULL,NULL,NULL,NULL,NULL,NULL,NULL,NULL,NULL,NULL,NULL,31.71758962000000,35.24208974000000,'Ad',NULL,'','2017-01-02 14:46:30'),('78','10','452415','','Khallet Sakariya','200',3,'',450,0,0,0,NULL,NULL,NULL,NULL,NULL,NULL,NULL,NULL,NULL,NULL,NULL,NULL,31.65914568000000,35.12515787000000,'Ad',NULL,'','2017-01-02 14:46:30'),('79','10','452455','','Khirbet ad Deir','300',2,'',1700,0,0,0,NULL,NULL,NULL,NULL,NULL,NULL,NULL,NULL,NULL,NULL,NULL,NULL,31.65157301000000,35.21142533000000,'Ad',NULL,'','2017-01-02 14:46:30'),('8','50','999821','','At Tur Bedouins','400',3,'',317,0,0,0,NULL,NULL,NULL,NULL,NULL,NULL,NULL,NULL,NULL,NULL,NULL,NULL,31.78275697000000,35.25949283000000,'Ad',NULL,'','2017-01-02 14:46:30'),('80','10','452340','','Khirbet an Nahla','200',3,'',120,0,0,0,NULL,NULL,NULL,NULL,NULL,NULL,NULL,NULL,NULL,NULL,NULL,NULL,31.67558381000000,35.18088982000000,'Ad',NULL,'','2017-01-02 14:46:30'),('81','10','452520','','Khirbet Tuqu\'','100',3,'',150,0,0,0,NULL,NULL,NULL,NULL,NULL,NULL,NULL,NULL,NULL,NULL,NULL,NULL,31.62877353000000,35.20717068000000,'Ad',NULL,'','2017-01-02 14:46:30'),('82','10','452565','','Kisan','200',1,'',400,0,0,0,NULL,NULL,NULL,NULL,NULL,NULL,NULL,NULL,NULL,NULL,NULL,NULL,31.61114837000000,35.22457924000000,'Ad',NULL,'','2017-01-02 14:46:30'),('83','10','452470','','Marah Ma\'alla','200',2,'',1100,0,0,0,NULL,NULL,NULL,NULL,NULL,NULL,NULL,NULL,NULL,NULL,NULL,NULL,31.64946683000000,35.17576938000000,'Ad',NULL,'','2017-01-02 14:46:30'),('84','10','452325','','Nahhalin','200',1,'',1700,0,0,0,NULL,NULL,NULL,NULL,NULL,NULL,NULL,NULL,NULL,NULL,NULL,NULL,31.68526597000000,35.12043545000000,'Ad',NULL,'','2017-01-02 14:46:30'),('85','10','452290','','Ras al Wad','200',1,'',500,0,0,0,NULL,NULL,NULL,NULL,NULL,NULL,NULL,NULL,NULL,NULL,NULL,NULL,31.69170345000000,35.25888123000000,'Ad',NULL,'','2017-01-02 14:46:30'),('86','10','452495','','Tuqu\'','300',1,'',800,0,0,0,NULL,NULL,NULL,NULL,NULL,NULL,NULL,NULL,NULL,NULL,NULL,NULL,31.64005267000000,35.21683394000000,'Ad',NULL,'','2017-01-02 14:46:30'),('87','10','452480','','Umm Salamuna','200',2,'',600,0,0,0,NULL,NULL,NULL,NULL,NULL,NULL,NULL,NULL,NULL,NULL,NULL,NULL,31.64516926000000,35.16649154000000,'Ad',NULL,'','2017-01-02 14:46:30'),('88','10','452445','','Wadi an Nis','200',1,'',400,0,0,0,NULL,NULL,NULL,NULL,NULL,NULL,NULL,NULL,NULL,NULL,NULL,NULL,31.65375056000000,35.16129963000000,'Ad',NULL,'','2017-01-02 14:46:30'),('89','10','452235','','Wadi Fukin','200',1,'',500,0,0,0,NULL,NULL,NULL,NULL,NULL,NULL,NULL,NULL,NULL,NULL,NULL,NULL,31.70678468000000,35.10346058000000,'Ad',NULL,'','2017-01-02 14:46:30'),('9','50','999767','','Az Za\'ayyem Bedouins','100',3,'',119,0,0,0,NULL,NULL,NULL,NULL,NULL,NULL,NULL,NULL,NULL,NULL,NULL,NULL,31.79585143000000,35.26867408000000,'Ad',NULL,'','2017-01-02 14:46:30'),('90','10','452510','','Wadi Muhammad','300',3,'',200,0,0,0,NULL,NULL,NULL,NULL,NULL,NULL,NULL,NULL,NULL,NULL,NULL,NULL,31.63437676000000,35.19870519000000,'Ad',NULL,'','2017-01-02 14:46:30'),('91','10','452400','','Wadi Rahhal','200',1,'',300,0,0,0,NULL,NULL,NULL,NULL,NULL,NULL,NULL,NULL,NULL,NULL,NULL,NULL,31.66466041000000,35.16754170000000,'Ad',NULL,'','2017-01-02 14:46:30'),('92','10','452360','','Za\'tara','300',1,'',300,0,0,0,NULL,NULL,NULL,NULL,NULL,NULL,NULL,NULL,NULL,NULL,NULL,NULL,31.67278754000000,35.25796199000000,'Ad',NULL,'','2017-01-02 14:46:30'),('93','10','999939','','Zatara al Kurshan','100',3,'',100,0,0,0,NULL,NULL,NULL,NULL,NULL,NULL,NULL,NULL,NULL,NULL,NULL,NULL,31.66982199000000,35.28447048000000,'Ad',NULL,'','2017-01-02 14:46:30'),('94','20','999951','','A Seefer','100',3,'',47,0,0,0,NULL,NULL,NULL,NULL,NULL,NULL,NULL,NULL,NULL,NULL,NULL,NULL,31.36441051000000,35.11367933000000,'Ad',NULL,'','2017-01-02 14:46:30'),('95','20','503000','','Abda','200',1,'',100,0,0,0,NULL,NULL,NULL,NULL,NULL,NULL,NULL,NULL,NULL,NULL,NULL,NULL,31.46471060000000,35.02413702000000,'Ad',NULL,'','2017-01-02 14:46:30'),('96','20','999935','','Abo El-Henna','100',3,'',35,0,0,0,NULL,NULL,NULL,NULL,NULL,NULL,NULL,NULL,NULL,NULL,NULL,NULL,31.41212631000000,34.90908420000000,'Ad',NULL,'','2017-01-02 14:46:30'),('97','20','503155','','Abu al \'Asja','200',1,'',113,0,0,0,NULL,NULL,NULL,NULL,NULL,NULL,NULL,NULL,NULL,NULL,NULL,NULL,31.44107404000000,35.01036520000000,'Ad',NULL,'','2017-01-02 14:46:30'),('98','20','503185','','Abu al \'Urqan','200',1,'',100,0,0,0,NULL,NULL,NULL,NULL,NULL,NULL,NULL,NULL,NULL,NULL,NULL,NULL,31.43139188000000,35.02075273000000,'Ad',NULL,'','2017-01-02 14:46:30'),('99','20','503055','','Abu Suhweila','100',3,'',16,0,0,0,NULL,NULL,NULL,NULL,NULL,NULL,NULL,NULL,NULL,NULL,NULL,NULL,31.45429621000000,34.91731897000000,'Ad',NULL,'','2017-01-02 14:46:30');
/*!40000 ALTER TABLE `pms_communities` ENABLE KEYS */;
UNLOCK TABLES;

--
-- Table structure for table `pms_governates`
--

DROP TABLE IF EXISTS `pms_governates`;
/*!40101 SET @saved_cs_client     = @@character_set_client */;
/*!40101 SET character_set_client = utf8 */;
CREATE TABLE `pms_governates` (
  `gov_id` varchar(15) NOT NULL,
  `gov_desc` varchar(100) NOT NULL,
  `username` varchar(15) NOT NULL,
  `time_stamp` datetime NOT NULL DEFAULT CURRENT_TIMESTAMP,
  PRIMARY KEY (`gov_id`)
) ENGINE=InnoDB DEFAULT CHARSET=utf8;
/*!40101 SET character_set_client = @saved_cs_client */;

--
-- Dumping data for table `pms_governates`
--

LOCK TABLES `pms_governates` WRITE;
/*!40000 ALTER TABLE `pms_governates` DISABLE KEYS */;
INSERT INTO `pms_governates` VALUES ('10','Bethlehem\r','Admin','2016-12-27 12:38:17'),('100','Tubas\r','Admin','2016-12-27 12:38:17'),('110','Tulkarm\r','Admin','2016-12-27 12:38:17'),('20','Hebron\r','Admin','2016-12-27 12:38:17'),('30','Jenin\r','Admin','2016-12-27 12:38:17'),('40','Jericho\r','Admin','2016-12-27 12:38:17'),('50','Jerusalem\r','Admin','2016-12-27 12:38:17'),('60','Nablus\r','Admin','2016-12-27 12:38:17'),('70','Qalqiliya\r','Admin','2016-12-27 12:38:17'),('80','Ramallah\r','Admin','2016-12-27 12:38:17'),('90','Salfit\r','Admin','2016-12-27 12:38:17');
/*!40000 ALTER TABLE `pms_governates` ENABLE KEYS */;
UNLOCK TABLES;

--
-- Table structure for table `pms_implementers`
--

DROP TABLE IF EXISTS `pms_implementers`;
/*!40101 SET @saved_cs_client     = @@character_set_client */;
/*!40101 SET character_set_client = utf8 */;
CREATE TABLE `pms_implementers` (
  `imp_id` varchar(15) NOT NULL,
  `imp_name` varchar(100) NOT NULL,
  `imp_abb_name` varchar(10) NOT NULL,
  `username` varchar(15) NOT NULL,
  `time_stamp` datetime NOT NULL DEFAULT CURRENT_TIMESTAMP,
  PRIMARY KEY (`imp_id`)
) ENGINE=InnoDB DEFAULT CHARSET=utf8;
/*!40101 SET character_set_client = @saved_cs_client */;

--
-- Dumping data for table `pms_implementers`
--

LOCK TABLES `pms_implementers` WRITE;
/*!40000 ALTER TABLE `pms_implementers` DISABLE KEYS */;
INSERT INTO `pms_implementers` VALUES ('10','OCHA','United Nat','2017-01-09 14:4','0000-00-00 00:00:00'),('100','IFRC','Internatio','2017-01-09 14:4','0000-00-00 00:00:00'),('101','IRD','Internatio','2017-01-09 14:4','0000-00-00 00:00:00'),('102','IRPAL','Islamic Re','2017-01-09 14:4','0000-00-00 00:00:00'),('103','KAS','Konrad- Ad','2017-01-09 14:4','0000-00-00 00:00:00'),('104','MAP','Medical Ai','2017-01-09 14:4','0000-00-00 00:00:00'),('105','Mercy Corps','Mercy Corp','2017-01-09 14:4','0000-00-00 00:00:00'),('106','NDI','National D','2017-01-09 14:4','0000-00-00 00:00:00'),('107','NRC','Norwegian ','2017-01-09 14:4','0000-00-00 00:00:00'),('108','OXFAM Italia','OXFAM Ital','2017-01-09 14:4','0000-00-00 00:00:00'),('109','OXFAM Novib','OXFAM Novi','2017-01-09 14:4','0000-00-00 00:00:00'),('11','OHCHR','United Nat','2017-01-09 14:4','0000-00-00 00:00:00'),('110','OXFAM Quebec','OXFAM Queb','2017-01-09 14:4','0000-00-00 00:00:00'),('111','OPM','Oxford Pol','2017-01-09 14:4','0000-00-00 00:00:00'),('112','PalNet Finaince','PalNet Fin','2017-01-09 14:4','0000-00-00 00:00:00'),('113','Portland Trust','Portland T','2017-01-09 14:4','0000-00-00 00:00:00'),('114','RI','Relief Int','2017-01-09 14:4','0000-00-00 00:00:00'),('115','Rosa Luxemburg','Rosa Luxem','2017-01-09 14:4','0000-00-00 00:00:00'),('116','Save the Children','Save the C','2017-01-09 14:4','0000-00-00 00:00:00'),('117','Carter Center','The Carter','2017-01-09 14:4','0000-00-00 00:00:00'),('118','VIS','Volontaria','2017-01-09 14:4','0000-00-00 00:00:00'),('119','Welfare','Welfare As','2017-01-09 14:4','0000-00-00 00:00:00'),('12','OQ','Office of ','2017-01-09 14:4','0000-00-00 00:00:00'),('120','World Vision','World Visi','2017-01-09 14:4','0000-00-00 00:00:00'),('121','Al- Mustaqbal','Al- Mustaq','2017-01-09 14:4','0000-00-00 00:00:00'),('122','Al-Sadeel Society for Palliative Care','Al-Sadeel ','2017-01-09 14:4','0000-00-00 00:00:00'),('123','ARIJ','Applied Re','2017-01-09 14:4','0000-00-00 00:00:00'),('124','ESDC','Economic a','2017-01-09 14:4','0000-00-00 00:00:00'),('125','CFG- Palestine','European P','2017-01-09 14:4','0000-00-00 00:00:00'),('126','HWC','Health Wor','2017-01-09 14:4','0000-00-00 00:00:00'),('127','JWU','Herusalem ','2017-01-09 14:4','0000-00-00 00:00:00'),('128','JUZOOR','Foundation','2017-01-09 14:4','0000-00-00 00:00:00'),('129','MA\'AN','MA\'AN Deve','2017-01-09 14:4','0000-00-00 00:00:00'),('13','UNDP','United Nat','2017-01-09 14:4','0000-00-00 00:00:00'),('130','NDC','NGO Develo','2017-01-09 14:4','0000-00-00 00:00:00'),('131','Medical Relief Committiees','Medical Re','2017-01-09 14:4','0000-00-00 00:00:00'),('132','PHC','Palestinia','2017-01-09 14:4','0000-00-00 00:00:00'),('133','PHG','Palestinia','2017-01-09 14:4','0000-00-00 00:00:00'),('134','Sharakeh','Palestinia','2017-01-09 14:4','0000-00-00 00:00:00'),('135','PRCS','Palestine ','2017-01-09 14:4','0000-00-00 00:00:00'),('136','PARC','Palestinia','2017-01-09 14:4','0000-00-00 00:00:00'),('137','PMRS','Palestinia','2017-01-09 14:4','0000-00-00 00:00:00'),('138','PNGO','Palestinei','2017-01-09 14:4','0000-00-00 00:00:00'),('139','UAWC','Union of A','2017-01-09 14:4','0000-00-00 00:00:00'),('140','WCLAC','Women\'s Ce','2017-01-09 14:4','0000-00-00 00:00:00'),('141','British Council','British Co','2017-01-09 14:4','0000-00-00 00:00:00'),('15','UNFPA','United Nat','2017-01-09 14:4','0000-00-00 00:00:00'),('16','UNHABITAT','United Nat','2017-01-09 14:4','0000-00-00 00:00:00'),('160','CEP','Center for','2017-02-06 14:4','0000-00-00 00:00:00'),('161','Sigma','Sigma Arab','2017-02-07 12:1','0000-00-00 00:00:00'),('162','PILLARS','Pillars Co','2017-02-07 12:1','0000-00-00 00:00:00'),('163','Maalem','Universal ','2017-02-07 12:1','0000-00-00 00:00:00'),('164','NA','Not Availa','2017-02-27 14:4','0000-00-00 00:00:00'),('17','UNCEF','United Nat','2017-01-09 14:4','0000-00-00 00:00:00'),('173','Polish Humanitarian Action','Polish Hum','2017-03-01 14:4','0000-00-00 00:00:00'),('174','St.John Eye Hospital','St.John Ey','2017-03-01 14:4','0000-00-00 00:00:00'),('18','UNIDO','United Nat','2017-01-09 14:4','0000-00-00 00:00:00'),('19','UNMAS','United Nat','2017-01-09 14:4','0000-00-00 00:00:00'),('190','Comet ME','Comet ME','2017-02-27 11:0','0000-00-00 00:00:00'),('2','EUBAM','European B','2017-01-09 14:4','0000-00-00 00:00:00'),('20','UNODC','United Nat','2017-01-09 14:4','0000-00-00 00:00:00'),('200','IPCC','Internatio','2017-01-09 14:4','0000-00-00 00:00:00'),('21','UNOPS','United Nat','2017-01-09 14:4','0000-00-00 00:00:00'),('22','UNRWA','United Nat','2017-01-09 14:4','0000-00-00 00:00:00'),('23','UNSCO','Office of ','2017-01-09 14:4','0000-00-00 00:00:00'),('24','WFP','World Food','2017-01-09 14:4','0000-00-00 00:00:00'),('25','WHO','World Heal','2017-01-09 14:4','0000-00-00 00:00:00'),('26','MoA','Ministry O','2017-01-09 14:4','0000-00-00 00:00:00'),('27','MoC','Ministry o','2017-01-09 14:4','0000-00-00 00:00:00'),('28','MoD','Ministry o','2017-01-09 14:4','0000-00-00 00:00:00'),('29','MoEHE','Ministry o','2017-01-09 14:4','0000-00-00 00:00:00'),('3','EUPOLCOPPS','European U','2017-01-09 14:4','0000-00-00 00:00:00'),('30','MoFA','Minisrty o','2017-01-09 14:4','0000-00-00 00:00:00'),('31','MoFP','Ministry o','2017-01-09 14:4','0000-00-00 00:00:00'),('32','MoH','Ministry o','2017-01-09 14:4','0000-00-00 00:00:00'),('33','MoI','Ministry o','2017-01-09 14:4','0000-00-00 00:00:00'),('34','MoJ','Ministry o','2017-01-09 14:4','0000-00-00 00:00:00'),('35','Mol','Minisrty o','2017-01-09 14:4','0000-00-00 00:00:00'),('36','MoLG','Ministry o','2017-01-09 14:4','0000-00-00 00:00:00'),('37','MoNE','Minstry of','2017-01-09 14:4','0000-00-00 00:00:00'),('38','MoPWH','Ministry o','2017-01-09 14:4','0000-00-00 00:00:00'),('39','MoSD','Ministry o','2017-01-09 14:4','0000-00-00 00:00:00'),('4','FAO','Food and A','2017-01-09 14:4','0000-00-00 00:00:00'),('40','MoWA','Minstry of','2017-01-09 14:4','0000-00-00 00:00:00'),('41','MoTIT','Ministry o','2017-01-09 14:4','0000-00-00 00:00:00'),('42','MoT','Ministry o','2017-01-09 14:4','0000-00-00 00:00:00'),('43','AGO','Attorney G','2017-01-09 14:4','0000-00-00 00:00:00'),('44','CEC','Centreal E','2017-01-09 14:4','0000-00-00 00:00:00'),('45','CMA','Capital Ma','2017-01-09 14:4','0000-00-00 00:00:00'),('46','GMC','Government','2017-01-09 14:4','0000-00-00 00:00:00'),('47','GPC','General Pe','2017-01-09 14:4','0000-00-00 00:00:00'),('48','HCYS','High Counc','2017-01-09 14:4','0000-00-00 00:00:00'),('49','HJC','High Judic','2017-01-09 14:4','0000-00-00 00:00:00'),('5','DCAF','Geneva Cen','2017-01-09 14:4','0000-00-00 00:00:00'),('50','MDLF','Municipal ','2017-01-09 14:4','0000-00-00 00:00:00'),('51','PCBS','Palestinia','2017-01-09 14:4','0000-00-00 00:00:00'),('52','PCP','Palestinia','2017-01-09 14:4','0000-00-00 00:00:00'),('53','PEA','Palestinia','2017-01-09 14:4','0000-00-00 00:00:00'),('54','PECDAR','Palestinia','2017-01-09 14:4','0000-00-00 00:00:00'),('55','PIFFZA','Palestinia','2017-01-09 14:4','0000-00-00 00:00:00'),('56','PICA','Palestinia','2017-01-09 14:4','0000-00-00 00:00:00'),('57','EQA','Palestinia','2017-01-09 14:4','0000-00-00 00:00:00'),('58','PJI','PalestineJ','2017-01-09 14:4','0000-00-00 00:00:00'),('59','PLC','Palestinia','2017-01-09 14:4','0000-00-00 00:00:00'),('6','ICRC','Internatio','2017-01-09 14:4','0000-00-00 00:00:00'),('60','PMA','Palestine ','2017-01-09 14:4','0000-00-00 00:00:00'),('61','PMG','Palestinia','2017-01-09 14:4','0000-00-00 00:00:00'),('62','PSI','Palestinia','2017-01-09 14:4','0000-00-00 00:00:00'),('63','PWA','Palestinia','2017-01-09 14:4','0000-00-00 00:00:00'),('64','AlQuds University','AlQuds Uni','2017-01-09 14:4','0000-00-00 00:00:00'),('65','An-Najah University','An-Najah U','2017-01-09 14:4','0000-00-00 00:00:00'),('66','Birzeit  University ','Birzeit  U','2017-01-09 14:4','0000-00-00 00:00:00'),('67','MAS','Palestine ','2017-01-09 14:4','0000-00-00 00:00:00'),('68','Teacher CC','Teacher Cr','2017-01-09 14:4','0000-00-00 00:00:00'),('69','Arab Hotel Association','Arab Hotel','2017-01-09 14:4','0000-00-00 00:00:00'),('7','ILO','Internatio','2017-01-09 14:4','0000-00-00 00:00:00'),('70','BWF','Business W','2017-01-09 14:4','0000-00-00 00:00:00'),('71','FPCCIA','Federation','2017-01-09 14:4','0000-00-00 00:00:00'),('72','PBA','Palestinia','2017-01-09 14:4','0000-00-00 00:00:00'),('73','PCU','Palestinia','2017-01-09 14:4','0000-00-00 00:00:00'),('74','PFI','Palestinia','2017-01-09 14:4','0000-00-00 00:00:00'),('75','PICTI','Palestinia','2017-01-09 14:4','0000-00-00 00:00:00'),('76','PITA','Palestinia','2017-01-09 14:4','0000-00-00 00:00:00'),('77','PSC','Palestiain','2017-01-09 14:4','0000-00-00 00:00:00'),('78','PALTRADE','Palestine ','2017-01-09 14:4','0000-00-00 00:00:00'),('79','Water Resources Directorate','Water Reso','2017-01-09 14:4','0000-00-00 00:00:00'),('8','IMF','Internatio','2017-01-09 14:4','0000-00-00 00:00:00'),('80','ACF','Action Aga','2017-01-09 14:4','0000-00-00 00:00:00'),('81','ACTED','Agency for','2017-01-09 14:4','0000-00-00 00:00:00'),('82','Alianza por la Solidraidad','Alianza po','2017-01-09 14:4','0000-00-00 00:00:00'),('83','ACPP','Asamblea d','2017-01-09 14:4','0000-00-00 00:00:00'),('84','ANERA','American N','2017-01-09 14:4','0000-00-00 00:00:00'),('85','CISP','Internatio','2017-01-09 14:4','0000-00-00 00:00:00'),('86','CARE','CARE Inter','2017-01-09 14:4','0000-00-00 00:00:00'),('87','CRS','Catholic R','2017-01-09 14:4','0000-00-00 00:00:00'),('88','Chemonics','Chemonics-','2017-01-09 14:4','0000-00-00 00:00:00'),('89','COOPI','COOPI- Coo','2017-01-09 14:4','0000-00-00 00:00:00'),('9','IMG','Internatio','2017-01-09 14:4','0000-00-00 00:00:00'),('90','DAI','DAI Palest','2017-01-09 14:4','0000-00-00 00:00:00'),('91','DCA','Dan Church','2017-01-09 14:4','0000-00-00 00:00:00'),('92','DIAKONIA','DIAKONIA','2017-01-09 14:4','0000-00-00 00:00:00'),('93','FESPAL','Friedrich ','2017-01-09 14:4','0000-00-00 00:00:00'),('94','FNST','Friedrich ','2017-01-09 14:4','0000-00-00 00:00:00'),('95','Global Communities','Global Com','2017-01-09 14:4','0000-00-00 00:00:00'),('96','Goethe- Institut','Goethe- In','2017-01-09 14:4','0000-00-00 00:00:00'),('97','GVC','Grouppo di','2017-01-09 14:4','0000-00-00 00:00:00'),('98','BOELL','Hernirich ','2017-01-09 14:4','0000-00-00 00:00:00'),('99','Horizon','Horizon','2017-01-09 14:4','0000-00-00 00:00:00');
/*!40000 ALTER TABLE `pms_implementers` ENABLE KEYS */;
UNLOCK TABLES;

--
-- Table structure for table `pms_sectors`
--

DROP TABLE IF EXISTS `pms_sectors`;
/*!40101 SET @saved_cs_client     = @@character_set_client */;
/*!40101 SET character_set_client = utf8 */;
CREATE TABLE `pms_sectors` (
  `sec_id` varchar(15) NOT NULL,
  `sec_name` varchar(100) NOT NULL,
  `sec_desc` varchar(2000) NOT NULL,
  `sec_type` varchar(3) NOT NULL,
  `sec_parent_id` varchar(15) DEFAULT NULL,
  `username` varchar(15) NOT NULL,
  `time_stamp` datetime NOT NULL DEFAULT CURRENT_TIMESTAMP,
  PRIMARY KEY (`sec_id`),
  KEY `sec_sec_self_fk_idx` (`sec_parent_id`),
  CONSTRAINT `sec_sec_self_fk` FOREIGN KEY (`sec_parent_id`) REFERENCES `pms_sectors` (`sec_id`) ON DELETE NO ACTION ON UPDATE NO ACTION
) ENGINE=InnoDB DEFAULT CHARSET=utf8;
/*!40101 SET character_set_client = @saved_cs_client */;

--
-- Dumping data for table `pms_sectors`
--

LOCK TABLES `pms_sectors` WRITE;
/*!40000 ALTER TABLE `pms_sectors` DISABLE KEYS */;
INSERT INTO `pms_sectors` VALUES ('000','Undefined','Undefined','D',NULL,'Admin','2017-02-16 16:35:22'),('100','Governance Reform Fiscal Consolidation and Policy Reform ','Governance Reform Fiscal Consolidation and Policy Reform ','D',NULL,'Admin','2017-02-16 16:35:22'),('1000','Education','Education','H',NULL,'Admin','2017-02-16 16:35:22'),('110',' Macroeconomic Support and Public Financial Management',' Macroeconomic Support and Public Financial Management','D','100','Admin','2017-02-16 16:35:22'),('120','Public Administration Reform','Public Administration Reform','D','100','Admin','2017-02-16 16:35:22'),('130','Local Government Reform','Local Government Reform','D','100','Admin','2017-02-16 16:35:22'),('200','Rule of Law Justice Citizen Safety and Human Rights','Rule of Law Justice Citizen Safety and Human Rights','D',NULL,'Admin','2017-02-16 16:35:22'),('2000','Health','Health','H',NULL,'Admin','2017-02-16 16:35:22'),('210','Justice Sector','Justice Sector','D','200','Admin','2017-02-16 16:35:22'),('220','Security  and Safety Sector','Security  and Safety Sector','D','200','Admin','2017-02-16 16:35:22'),('300','Sustainable Service Delivery','Sustainable Service Delivery','D',NULL,'Admin','2017-02-16 16:35:22'),('3000','Access to land','Access to land','H',NULL,'Admin','2017-02-16 16:35:22'),('310','Education  Sector ','Education  Sector ','D','300','Admin','2017-02-16 16:35:22'),('320','Health Sector','Health Sector','D','300','Admin','2017-02-16 16:35:22'),('330','Social Sector','Social Sector','D','300','Admin','2017-02-16 16:35:22'),('340','Transportation','Transportation ','D','300','Admin','2017-02-27 16:35:22'),('350','Other Public infrastructure and Services','Other Public infrastructure and Services','D','300','Admin','2017-02-27 16:35:22'),('400','Self-Sufficient Water and Energy Services','Self-Sufficient Water and Energy Services','D',NULL,'Admin','2017-02-16 16:35:22'),('4000','WASH','WASH','H',NULL,'Admin','2017-02-16 16:35:22'),('410','Water and Sanitation Sector','Water and Sanitation Sector','D','400','Admin','2017-02-16 16:35:22'),('420','Energy Sector','Energy Sector','D','400','Admin','2017-02-16 16:35:22'),('500','Sustainable Economic Development ','Sustainable Economic Development ','D',NULL,'Admin','2017-02-16 16:35:22'),('5000','Protection','Protection','H',NULL,'Admin','2017-02-16 16:35:22'),('510','Private Sector Development','Private Sector Development','D','500','Admin','2017-02-16 16:35:22'),('520','Agriculture','Agriculture','D','500','Admin','2017-02-16 16:35:22'),('530','Tourism','Tourism','D','500','Admin','2017-02-27 16:35:22'),('540','Industry','Industry','D','500','Admin','2017-02-27 16:35:22'),('600','Cross cutting ','Cross cutting ','D',NULL,'Admin','2017-02-16 16:35:22'),('6000','Settler Violance','Settler Violance','H',NULL,'Admin','2017-02-16 16:35:22'),('610','Gender equality','Gender equality','D','600','Admin','2017-02-16 16:35:22'),('620','Strengthening civil society','Strengthening civil society','D','600','Admin','2017-02-16 16:35:22'),('630','Support to youth','Support to youth','D','600','Admin','2017-02-16 16:35:22'),('640','Environmental protection','Environmental protection','D','600','Admin','2017-02-16 16:35:22'),('650','Human rights','Human rights','D','600','Admin','2017-02-16 16:35:22'),('7000','Shelter','Shelter','H',NULL,'Admin','2017-02-16 16:35:22'),('8000','Agriculture','Agriculture','H','500','Admin','2017-02-16 16:35:22');
/*!40000 ALTER TABLE `pms_sectors` ENABLE KEYS */;
UNLOCK TABLES;

--
-- Table structure for table `sec_role`
--

DROP TABLE IF EXISTS `sec_role`;
/*!40101 SET @saved_cs_client     = @@character_set_client */;
/*!40101 SET character_set_client = utf8 */;
CREATE TABLE `sec_role` (
  `ROL_ID` int(11) NOT NULL,
  `ROL_NAME` varchar(50) NOT NULL,
  `ROL_A_DESC` varchar(100) DEFAULT NULL,
  `ROL_L_DESC` varchar(100) DEFAULT NULL,
  `ROL_STATUS` varchar(2) DEFAULT NULL,
  `ROL_CAT` varchar(10) DEFAULT NULL,
  PRIMARY KEY (`ROL_ID`)
) ENGINE=InnoDB DEFAULT CHARSET=utf8;
/*!40101 SET character_set_client = @saved_cs_client */;

--
-- Dumping data for table `sec_role`
--

LOCK TABLES `sec_role` WRITE;
/*!40000 ALTER TABLE `sec_role` DISABLE KEYS */;
/*!40000 ALTER TABLE `sec_role` ENABLE KEYS */;
UNLOCK TABLES;

--
-- Table structure for table `sec_user`
--

DROP TABLE IF EXISTS `sec_user`;
/*!40101 SET @saved_cs_client     = @@character_set_client */;
/*!40101 SET character_set_client = utf8 */;
CREATE TABLE `sec_user` (
  `USR_ID` varchar(15) NOT NULL,
  `USR_PASSWORD` varchar(45) DEFAULT NULL,
  `USR_STATUS` varchar(2) NOT NULL,
  `USR_NAME` varchar(100) DEFAULT NULL,
  `USR_EMAIL` varchar(30) DEFAULT NULL,
  `USR_MOBILE` varchar(10) DEFAULT NULL,
  `username` varchar(20) NOT NULL,
  `TIME_STAMP` datetime NOT NULL,
  PRIMARY KEY (`USR_ID`)
) ENGINE=InnoDB DEFAULT CHARSET=utf8;
/*!40101 SET character_set_client = @saved_cs_client */;

--
-- Dumping data for table `sec_user`
--

LOCK TABLES `sec_user` WRITE;
/*!40000 ALTER TABLE `sec_user` DISABLE KEYS */;
INSERT INTO `sec_user` VALUES ('pma','123','1','BTC-PMA','orayyan@gmail.com','0599124616','sys','2016-12-11 00:00:00');
/*!40000 ALTER TABLE `sec_user` ENABLE KEYS */;
UNLOCK TABLES;

--
-- Table structure for table `sec_user_role`
--

DROP TABLE IF EXISTS `sec_user_role`;
/*!40101 SET @saved_cs_client     = @@character_set_client */;
/*!40101 SET character_set_client = utf8 */;
CREATE TABLE `sec_user_role` (
  `USR_ID` varchar(15) NOT NULL,
  `ROL_ID` int(11) NOT NULL,
  PRIMARY KEY (`USR_ID`,`ROL_ID`),
  KEY `sec_user_role_fk1_idx` (`ROL_ID`),
  CONSTRAINT `sec_user_role_fk1` FOREIGN KEY (`ROL_ID`) REFERENCES `sec_role` (`ROL_ID`) ON DELETE NO ACTION ON UPDATE NO ACTION,
  CONSTRAINT `sec_user_role_fk2` FOREIGN KEY (`USR_ID`) REFERENCES `sec_user` (`USR_ID`) ON DELETE NO ACTION ON UPDATE NO ACTION
) ENGINE=InnoDB DEFAULT CHARSET=utf8;
/*!40101 SET character_set_client = @saved_cs_client */;

--
-- Dumping data for table `sec_user_role`
--

LOCK TABLES `sec_user_role` WRITE;
/*!40000 ALTER TABLE `sec_user_role` DISABLE KEYS */;
/*!40000 ALTER TABLE `sec_user_role` ENABLE KEYS */;
UNLOCK TABLES;
/*!40103 SET TIME_ZONE=@OLD_TIME_ZONE */;

/*!40101 SET SQL_MODE=@OLD_SQL_MODE */;
/*!40014 SET FOREIGN_KEY_CHECKS=@OLD_FOREIGN_KEY_CHECKS */;
/*!40014 SET UNIQUE_CHECKS=@OLD_UNIQUE_CHECKS */;
/*!40101 SET CHARACTER_SET_CLIENT=@OLD_CHARACTER_SET_CLIENT */;
/*!40101 SET CHARACTER_SET_RESULTS=@OLD_CHARACTER_SET_RESULTS */;
/*!40101 SET COLLATION_CONNECTION=@OLD_COLLATION_CONNECTION */;
/*!40111 SET SQL_NOTES=@OLD_SQL_NOTES */;

-- Dump completed on 2017-08-29 14:12:50
